{
"skeleton": { "hash": "25YLcUA4vkDY2DZ9Ff2EfnEELiM", "spine": "3.8.69", "images": "../output/", "audio": "" },
"bones": [
	{ "name": "root" }
],
"slots": [
	{ "name": "ricochet", "bone": "root" }
],
"skins": [
	{
		"name": "default",
		"attachments": {
			"ricochet": {
				"ricochet-00": { "width": 8, "height": 8 },
				"ricochet-01": { "x": 0.62, "y": 1.23, "width": 14, "height": 11 },
				"ricochet-02": { "x": -1.63, "y": -0.34, "width": 23, "height": 24 },
				"ricochet-03": { "x": 1.57, "y": -2.02, "width": 34, "height": 29 },
				"ricochet-04": { "x": 1.23, "y": 0.28, "width": 30, "height": 30 }
			}
		}
	}
],
"animations": {
	"animation": {
		"slots": {
			"ricochet": {
				"attachment": [
					{ "time": 0.0667, "name": "ricochet-00" },
					{ "time": 0.1333, "name": "ricochet-01" },
					{ "time": 0.2, "name": "ricochet-02" },
					{ "time": 0.2667, "name": "ricochet-03" },
					{ "time": 0.3333, "name": "ricochet-04" },
					{ "time": 0.4, "name": null }
				]
			}
		}
	}
}
}