{
"skeleton": {
	"hash": "B52eIBtltWoB2+lHHtY6DJpI3GU",
	"spine": "3.8.69",
	"x": -43.54,
	"y": -1.82,
	"width": 71.97,
	"height": 107.42,
	"images": "../output/",
	"audio": ""
},
"bones": [
	{ "name": "root" },
	{ "name": "hip", "parent": "root", "length": 20.59, "rotation": 1.18, "x": -11.22, "y": 27.45 },
	{ "name": "unicorn-body", "parent": "hip", "length": 51.41, "rotation": 92.12, "x": 0.13, "y": -0.57 },
	{ "name": "unicorn-tail", "parent": "hip", "length": 18.51, "rotation": -162.05, "x": -6.23, "y": -1.14 },
	{ "name": "unicorn-leg", "parent": "hip", "length": 4.2, "rotation": -92.33, "x": 4.65, "y": -6.87 },
	{ "name": "unicorn-leg2", "parent": "unicorn-leg", "length": 4.2, "x": 4.2 },
	{ "name": "unicorn-leg3", "parent": "unicorn-leg2", "length": 4.2, "x": 4.2 },
	{ "name": "unicorn-leg4", "parent": "unicorn-leg3", "length": 4.2, "x": 4.2 },
	{ "name": "unicorn-leg5", "parent": "unicorn-leg4", "length": 4.2, "x": 4.2 },
	{ "name": "leg-back", "parent": "hip", "length": 4.31, "rotation": -72.86, "x": 15.2, "y": -4.97 },
	{ "name": "leg-back2", "parent": "leg-back", "length": 4.31, "x": 4.31 },
	{ "name": "leg-back3", "parent": "leg-back2", "length": 4.31, "x": 4.31 },
	{ "name": "leg-back4", "parent": "leg-back3", "length": 4.31, "x": 4.31 },
	{ "name": "leg-back5", "parent": "leg-back4", "length": 4.31, "x": 4.31 },
	{ "name": "unicorn-arm", "parent": "unicorn-body", "length": 6.31, "rotation": -153.87, "x": 21.68, "y": -11.07 },
	{ "name": "unicorn-arm2", "parent": "unicorn-arm", "length": 8.62, "rotation": 45.4, "x": 6.31 },
	{ "name": "unicorn-arm3", "parent": "unicorn-body", "length": 5.56, "rotation": -147.6, "x": 23.37, "y": -20.91 },
	{ "name": "unicorn-arm4", "parent": "unicorn-arm3", "length": 8.25, "rotation": 37.41, "x": 5.67, "y": -0.08 },
	{ "name": "unicorn-head", "parent": "unicorn-body", "length": 36.11, "rotation": -125.38, "x": 50.73, "y": -6.81 },
	{ "name": "arm-front-ik", "parent": "root", "x": 34.68, "y": 46.98, "color": "ff3f00ff" },
	{ "name": "arm-back-ik", "parent": "root", "x": 43.25, "y": 50.32, "color": "ff3f00ff" }
],
"slots": [
	{ "name": "unicorn-tail", "bone": "unicorn-tail", "dark": "000000", "attachment": "unicorn-tail" },
	{ "name": "unicorn-arm2", "bone": "unicorn-arm3", "dark": "000000", "attachment": "unicorn-arm2" },
	{ "name": "unicorn-hair", "bone": "unicorn-head", "dark": "000000", "attachment": "unicorn-hair" },
	{ "name": "leg-back", "bone": "leg-back", "dark": "000000", "attachment": "unicorn-leg2" },
	{ "name": "unicorn-body", "bone": "unicorn-body", "dark": "000000", "attachment": "unicorn-body" },
	{ "name": "unicorn-leg", "bone": "unicorn-leg", "dark": "000000", "attachment": "unicorn-leg" },
	{ "name": "unicorn-arm", "bone": "unicorn-arm", "dark": "000000", "attachment": "unicorn-arm" },
	{ "name": "unicorn-head", "bone": "unicorn-head", "dark": "000000", "attachment": "unicorn-head" },
	{ "name": "leg-front-path", "bone": "unicorn-leg", "dark": "000000", "attachment": "leg-front-path" },
	{ "name": "leg-back-path", "bone": "leg-back", "dark": "000000", "attachment": "leg-back-path" },
	{ "name": "bbox", "bone": "hip", "attachment": "bbox" }
],
"ik": [
	{
		"name": "arm-back-ik",
		"order": 1,
		"bones": [ "unicorn-arm3", "unicorn-arm4" ],
		"target": "arm-back-ik",
		"softness": 6.8
	},
	{
		"name": "arm-front-ik",
		"bones": [ "unicorn-arm", "unicorn-arm2" ],
		"target": "arm-front-ik",
		"softness": 8.7
	}
],
"path": [
	{
		"name": "leg-back-path",
		"order": 3,
		"bones": [ "leg-back2", "leg-back3", "leg-back4", "leg-back5" ],
		"target": "leg-back-path",
		"spacingMode": "percent",
		"spacing": 0.2866
	},
	{
		"name": "leg-front-path",
		"order": 2,
		"bones": [ "unicorn-leg2", "unicorn-leg3", "unicorn-leg4", "unicorn-leg5" ],
		"target": "leg-front-path",
		"spacingMode": "percent",
		"spacing": 0.2638
	}
],
"skins": [
	{
		"name": "default",
		"attachments": {
			"leg-back": {
				"unicorn-leg2": {
					"type": "mesh",
					"path": "unicorn-leg",
					"uvs": [ 0.18593, 0.10761, 0.36659, 0.09074, 0.50638, 0.0777, 0.90375, 0.15888, 0.91016, 0.34688, 0.79479, 0.5776, 0.79479, 0.89806, 0.59583, 0.90045, 0.29458, 0.90407, 0.08338, 0.9066, 0.11543, 0.63742, 0.13466, 0.27424, 0.3077, 0.47079, 0.3077, 0.61606, 0.3077, 0.72715, 0.34551, 0.22358, 0.61534, 0.21442, 0.5897, 0.46651, 0.5897, 0.6246, 0.5897, 0.72288, 0.32762, 0.34056, 0.60196, 0.34598 ],
					"triangles": [ 8, 9, 14, 7, 14, 19, 7, 8, 14, 14, 9, 10, 7, 19, 6, 6, 19, 5, 19, 18, 5, 10, 13, 14, 19, 14, 18, 18, 14, 13, 13, 10, 12, 18, 13, 17, 13, 12, 17, 18, 17, 5, 12, 10, 11, 5, 17, 4, 4, 17, 21, 12, 20, 17, 17, 20, 21, 12, 11, 20, 21, 16, 4, 16, 3, 4, 20, 15, 21, 21, 15, 16, 20, 11, 15, 11, 0, 15, 15, 2, 16, 15, 1, 2, 15, 0, 1, 16, 2, 3 ],
					"vertices": [ 2, 9, -3.99, -7.47, 0.98838, 10, -8.3, -7.47, 0.01162, 1, 9, -4.56, -3.5, 1, 1, 9, -5, -0.42, 1, 2, 9, -2.34, 8.33, 0.93289, 10, -6.65, 8.33, 0.06711, 3, 9, 3.86, 8.48, 0.60898, 10, -0.45, 8.48, 0.39078, 13, -13.37, 8.48, 2.4E-4, 3, 9, 11.48, 5.96, 0.02476, 10, 7.18, 5.96, 0.68046, 13, -5.75, 5.96, 0.29478, 2, 10, 17.75, 5.99, 3.0E-5, 13, 4.83, 5.99, 0.99997, 1, 13, 4.92, 1.61, 1, 2, 10, 17.98, -5.01, 0.00648, 13, 5.05, -5.01, 0.99352, 2, 10, 18.07, -9.66, 0.01996, 13, 5.15, -9.66, 0.98004, 3, 9, 13.49, -8.98, 0.02381, 10, 9.19, -8.98, 0.39807, 13, -3.74, -8.98, 0.57812, 3, 9, 1.51, -8.58, 0.80087, 10, -2.8, -8.58, 0.19617, 13, -15.72, -8.58, 0.00296, 3, 9, 7.98, -4.76, 0.17841, 10, 3.68, -4.76, 0.71625, 13, -9.24, -4.76, 0.10534, 3, 9, 12.78, -4.75, 0.01775, 10, 8.47, -4.75, 0.48466, 13, -4.45, -4.75, 0.49759, 3, 9, 16.44, -4.74, 3.9E-4, 10, 12.14, -4.74, 0.16665, 13, -0.79, -4.74, 0.83296, 2, 9, -0.18, -3.95, 0.95838, 10, -4.48, -3.95, 0.04162, 2, 9, -0.49, 1.99, 0.98866, 10, -4.8, 1.99, 0.01134, 3, 9, 7.83, 1.44, 0.01292, 10, 3.52, 1.44, 0.97785, 13, -9.4, 1.44, 0.00923, 2, 10, 8.74, 1.46, 0.50031, 13, -4.18, 1.46, 0.49969, 2, 10, 11.98, 1.46, 0.10296, 13, -0.94, 1.46, 0.89704, 3, 9, 3.69, -4.33, 0.66308, 10, -0.62, -4.33, 0.33112, 13, -13.54, -4.33, 0.0058, 2, 9, 3.85, 1.7, 0.68221, 10, -0.46, 1.7, 0.31779 ],
					"hull": 12,
					"edges": [ 4, 6, 6, 8, 8, 10, 10, 12, 18, 20, 20, 22, 0, 22, 0, 2, 2, 4, 24, 26, 26, 28, 16, 18, 28, 16, 2, 30, 30, 32, 34, 36, 36, 38, 12, 14, 14, 16, 38, 14, 28, 38, 26, 36, 24, 34, 24, 40, 40, 30, 32, 42, 42, 34, 40, 42 ],
					"width": 22,
					"height": 33
				}
			},
			"leg-back-path": {
				"leg-back-path": {
					"type": "path",
					"lengths": [ 21.26, 48.69 ],
					"vertexCount": 6,
					"vertices": [ -6.14, -0.67, 0.07, -0.25, 7.37, 0.24, 17.12, -1.11, 21.26, -1.64, 27.45, -2.44 ]
				}
			},
			"unicorn-body": {
				"unicorn-body": { "x": 20.15, "y": -10.36, "rotation": -93.3, "width": 49, "height": 70 }
			},
			"unicorn-leg": {
				"unicorn-leg": {
					"type": "mesh",
					"uvs": [ 0.18593, 0.10761, 0.36659, 0.09074, 0.50638, 0.0777, 0.90375, 0.15888, 0.91016, 0.34688, 0.79479, 0.5776, 0.79479, 0.89806, 0.59583, 0.90045, 0.29458, 0.90407, 0.08338, 0.9066, 0.11543, 0.63742, 0.13466, 0.27424, 0.3077, 0.47079, 0.3077, 0.61606, 0.3077, 0.72715, 0.34551, 0.22358, 0.61534, 0.21442, 0.5897, 0.46651, 0.5897, 0.6246, 0.5897, 0.72288, 0.32762, 0.34056, 0.60196, 0.34598 ],
					"triangles": [ 8, 9, 14, 7, 8, 14, 7, 19, 6, 7, 14, 19, 14, 9, 10, 6, 19, 5, 19, 18, 5, 10, 13, 14, 19, 14, 18, 18, 14, 13, 13, 10, 12, 18, 13, 17, 18, 17, 5, 13, 12, 17, 5, 17, 4, 12, 20, 17, 12, 10, 11, 4, 17, 21, 12, 11, 20, 17, 20, 21, 21, 16, 4, 16, 3, 4, 20, 15, 21, 21, 15, 16, 20, 11, 15, 11, 0, 15, 15, 2, 16, 15, 1, 2, 15, 0, 1, 16, 2, 3 ],
					"vertices": [ 2, 4, -4.51, -7, 0.99014, 5, -8.72, -7, 0.00986, 1, 4, -5.15, -3.04, 1, 1, 4, -5.64, 0.03, 1, 3, 4, -3.14, 8.82, 0.97212, 5, -7.34, 8.82, 0.02648, 6, -11.54, 8.82, 0.0014, 4, 4, 3.06, 9.09, 0.73783, 5, -1.14, 9.09, 0.19098, 6, -5.34, 9.09, 0.07076, 7, -9.55, 9.09, 4.3E-4, 5, 4, 10.72, 6.7, 0.0876, 5, 6.52, 6.7, 0.18537, 6, 2.32, 6.7, 0.46477, 7, -1.88, 6.7, 0.24662, 8, -6.09, 6.7, 0.01564, 3, 6, 12.89, 6.92, 2.7E-4, 7, 8.69, 6.92, 0.21372, 8, 4.49, 6.92, 0.78601, 2, 7, 8.86, 2.54, 0.04662, 8, 4.65, 2.54, 0.95338, 2, 7, 9.11, -4.08, 0.18584, 8, 4.91, -4.08, 0.81416, 3, 6, 13.49, -8.73, 0.00193, 7, 9.29, -8.73, 0.32652, 8, 5.08, -8.73, 0.67154, 5, 4, 13, -8.2, 0.0074, 5, 8.8, -8.2, 0.11299, 6, 4.59, -8.2, 0.25661, 7, 0.39, -8.2, 0.50746, 8, -3.81, -8.2, 0.11554, 4, 4, 1.01, -8.02, 0.8075, 5, -3.2, -8.02, 0.16987, 6, -7.4, -8.02, 0.01554, 7, -11.6, -8.02, 0.00708, 4, 4, 7.42, -4.08, 0.13011, 5, 3.21, -4.08, 0.53591, 6, -0.99, -4.08, 0.2451, 7, -5.19, -4.08, 0.08888, 5, 4, 12.21, -3.99, 0.00375, 5, 8.01, -3.99, 0.09131, 6, 3.8, -3.99, 0.38881, 7, -0.4, -3.99, 0.48661, 8, -4.6, -3.99, 0.02952, 4, 5, 11.67, -3.91, 0.01129, 6, 7.47, -3.91, 0.0782, 7, 3.27, -3.91, 0.64192, 8, -0.94, -3.91, 0.26859, 4, 4, -0.76, -3.41, 0.97438, 5, -4.96, -3.41, 0.02553, 6, -9.16, -3.41, 3.0E-5, 7, -13.37, -3.41, 6.0E-5, 2, 4, -1.18, 2.51, 0.99609, 5, -5.38, 2.51, 0.00391, 4, 4, 7.15, 2.12, 0.10335, 5, 2.95, 2.12, 0.68671, 6, -1.26, 2.12, 0.20613, 7, -5.46, 2.12, 0.00381, 5, 4, 12.37, 2.22, 0.0045, 5, 8.16, 2.22, 0.01831, 6, 3.96, 2.22, 0.52739, 7, -0.24, 2.22, 0.44184, 8, -4.44, 2.22, 0.00796, 3, 6, 7.2, 2.29, 0.03728, 7, 3, 2.29, 0.78442, 8, -1.2, 2.29, 0.1783, 4, 4, 3.11, -3.73, 0.69705, 5, -1.09, -3.73, 0.27562, 6, -5.3, -3.73, 0.01789, 7, -9.5, -3.73, 0.00944, 3, 4, 3.17, 2.31, 0.80105, 5, -1.03, 2.31, 0.18576, 6, -5.24, 2.31, 0.01319 ],
					"hull": 12,
					"edges": [ 4, 6, 6, 8, 8, 10, 10, 12, 18, 20, 20, 22, 0, 22, 0, 2, 2, 4, 24, 26, 26, 28, 16, 18, 28, 16, 2, 30, 30, 32, 34, 36, 36, 38, 12, 14, 14, 16, 38, 14, 28, 38, 26, 36, 24, 34, 24, 40, 40, 30, 32, 42, 42, 34, 40, 42 ],
					"width": 22,
					"height": 33
				}
			},
			"unicorn-tail": {
				"unicorn-tail": { "x": 9.11, "y": -6.13, "rotation": 160.87, "width": 31, "height": 26 }
			},
			"unicorn-arm": {
				"unicorn-arm": {
					"type": "mesh",
					"uvs": [ 0.61364, 0.13273, 0.79133, 0.52321, 0.93827, 0.70501, 0.76935, 0.84353, 0.81769, 0.83649, 0.48951, 0.97273, 0.26287, 0.7832, 0.10439, 0.52161, 0.10045, 0.31152, 0.15428, 0.21943, 0.26087, 0.12974, 0.4917, 0.13038, 0.58207, 0.12928, 0.25208, 0.32739, 0.34113, 0.62778, 0.4005, 0.74426, 0.66023, 0.62778, 0.59344, 0.49291, 0.51181, 0.32739, 0.30085, 0.49193, 0.55378, 0.41249 ],
					"triangles": [ 1, 17, 20, 17, 14, 19, 16, 17, 1, 14, 17, 16, 16, 1, 2, 15, 14, 16, 14, 6, 7, 6, 14, 15, 2, 3, 16, 15, 16, 3, 5, 15, 3, 6, 15, 5, 5, 3, 4, 18, 11, 12, 18, 12, 0, 13, 9, 10, 8, 9, 13, 13, 10, 11, 13, 11, 18, 20, 18, 0, 19, 13, 18, 19, 18, 20, 7, 8, 13, 7, 13, 19, 1, 20, 0, 17, 19, 20, 14, 7, 19 ],
					"vertices": [ 2, 14, -3.07, 4.08, 0.9859, 15, -3.68, 9.55, 0.0141, 2, 14, 5.64, 8.1, 0.19261, 15, 5.3, 6.17, 0.80739, 2, 14, 9.61, 11.19, 0.00547, 15, 10.28, 5.51, 0.99453, 1, 15, 10.56, 1, 1, 1, 15, 11.04, 1.8, 1, 1, 15, 9.29, -4.96, 1, 2, 14, 12.33, -1.48, 0.00305, 15, 3.17, -5.32, 0.99695, 2, 14, 6.55, -4.92, 0.7759, 15, -3.34, -3.62, 0.2241, 2, 14, 1.73, -5.34, 0.99998, 15, -7.02, -0.49, 2.0E-5, 1, 14, -0.45, -4.48, 1, 1, 14, -2.66, -2.61, 1, 2, 14, -2.96, 1.77, 0.99818, 15, -5.25, 7.85, 0.00182, 2, 14, -3.11, 3.48, 0.9888, 15, -4.14, 9.15, 0.0112, 1, 14, 1.89, -2.44, 1, 2, 14, 8.66, -0.25, 0.02361, 15, 1.47, -1.85, 0.97639, 1, 15, 4.22, -2.76, 1, 2, 14, 8.22, 5.79, 0.0607, 15, 5.46, 2.71, 0.9393, 2, 14, 5.22, 4.3, 0.38507, 15, 2.29, 3.8, 0.61493, 2, 14, 1.53, 2.48, 0.91548, 15, -1.59, 5.15, 0.08452, 2, 14, 5.6, -1.24, 0.9145, 15, -1.39, -0.36, 0.0855, 2, 14, 3.43, 3.42, 0.69819, 15, 0.41, 4.46, 0.30181 ],
					"hull": 13,
					"edges": [ 0, 24, 0, 2, 2, 4, 4, 6, 6, 8, 8, 10, 10, 12, 12, 14, 14, 16, 16, 18, 18, 20, 20, 22, 22, 24, 22, 26, 28, 30, 30, 32, 32, 34, 36, 0, 26, 38, 38, 28, 34, 40, 40, 36, 38, 40, 28, 34, 26, 36 ],
					"width": 19,
					"height": 23
				}
			},
			"leg-front-path": {
				"leg-front-path": {
					"type": "path",
					"lengths": [ 22.72, 51.66 ],
					"vertexCount": 6,
					"vertices": [ -6.58, 0.66, -0.51, 0.25, 4.01, -0.06, 9.61, -0.04, 22.12, -1.74, 24.26, 0.29 ]
				}
			},
			"bbox": {
				"bbox": {
					"type": "boundingbox",
					"vertexCount": 4,
					"vertices": [ -9.52, -27.23, -7.65, 64.1, 31.73, 63.29, 29.97, -28.07 ]
				}
			},
			"unicorn-arm2": {
				"unicorn-arm2": {
					"type": "mesh",
					"path": "unicorn-arm",
					"uvs": [ 0.61364, 0.13273, 0.79133, 0.52321, 0.93827, 0.70501, 0.76935, 0.84353, 0.81769, 0.83649, 0.48951, 0.97273, 0.26287, 0.7832, 0.10439, 0.52161, 0.10045, 0.31152, 0.15428, 0.21943, 0.26087, 0.12974, 0.4917, 0.13038, 0.58207, 0.12928, 0.25208, 0.32739, 0.34113, 0.62778, 0.4005, 0.74426, 0.66023, 0.62778, 0.59344, 0.49291, 0.51181, 0.32739, 0.30085, 0.49193, 0.55378, 0.41249 ],
					"triangles": [ 7, 13, 19, 17, 14, 19, 16, 17, 1, 14, 17, 16, 16, 1, 2, 15, 14, 16, 14, 6, 7, 14, 7, 19, 6, 14, 15, 2, 3, 16, 15, 16, 3, 5, 15, 3, 6, 15, 5, 5, 3, 4, 18, 11, 12, 18, 12, 0, 13, 9, 10, 8, 9, 13, 13, 10, 11, 13, 11, 18, 20, 18, 0, 19, 13, 18, 19, 18, 20, 1, 17, 20, 7, 8, 13, 1, 20, 0, 17, 19, 20 ],
					"vertices": [ 1, 16, -3.28, 4.19, 1, 2, 16, 5.82, 7.23, 0.36588, 17, 4.56, 5.72, 0.63412, 2, 16, 10.1, 9.86, 0.03337, 17, 9.56, 5.21, 0.96663, 2, 16, 13.16, 6.54, 2.4E-4, 17, 9.97, 0.71, 0.99976, 1, 17, 10.43, 1.52, 1, 1, 17, 8.88, -5.29, 1, 1, 17, 2.78, -5.83, 1, 2, 16, 5.3, -5.81, 0.18617, 17, -3.78, -4.33, 0.81383, 2, 16, 0.47, -5.71, 0.75518, 17, -7.55, -1.31, 0.24482, 2, 16, -1.61, -4.61, 0.90278, 17, -8.54, 0.83, 0.09722, 2, 16, -3.6, -2.51, 0.98654, 17, -8.84, 3.7, 0.01346, 1, 16, -3.42, 1.87, 1, 1, 16, -3.38, 3.59, 1, 2, 16, 0.94, -2.85, 0.84497, 17, -5.44, 0.68, 0.15503, 1, 17, 0.97, -2.41, 1, 1, 17, 3.75, -3.25, 1, 2, 16, 8.13, 4.65, 0.12446, 17, 4.83, 2.26, 0.87554, 2, 16, 4.98, 3.5, 0.68203, 17, 1.63, 3.26, 0.31797, 2, 16, 1.12, 2.09, 0.9991, 17, -2.3, 4.49, 9.0E-4, 2, 16, 4.75, -2.06, 0.30011, 17, -1.93, -1.01, 0.69989, 2, 16, 3.11, 2.81, 0.94925, 17, -0.28, 3.86, 0.05075 ],
					"hull": 13,
					"edges": [ 0, 24, 0, 2, 2, 4, 4, 6, 6, 8, 8, 10, 10, 12, 12, 14, 14, 16, 16, 18, 18, 20, 20, 22, 22, 24, 22, 26, 28, 30, 30, 32, 32, 34, 36, 0, 26, 38, 38, 28, 34, 40, 40, 36, 38, 40, 28, 34, 26, 36 ],
					"width": 19,
					"height": 23
				}
			},
			"unicorn-head": {
				"unicorn-head": { "x": 9.77, "y": 6.32, "rotation": 32.08, "width": 48, "height": 55 }
			},
			"unicorn-hair": {
				"unicorn-hair": { "x": -5.69, "y": -15.99, "rotation": 32.08, "width": 43, "height": 61 }
			}
		}
	}
],
"animations": {
	"die": {
		"bones": {
			"hip": {
				"rotate": [
					{},
					{ "time": 0.3667, "angle": 100.81 }
				],
				"translate": [
					{},
					{ "time": 0.3667, "y": -17.18 }
				]
			},
			"arm-front-ik": {
				"translate": [
					{},
					{ "time": 0.3667, "y": -14.94 }
				]
			},
			"arm-back-ik": {
				"translate": [
					{},
					{ "time": 0.3667, "y": -14.94 }
				]
			},
			"unicorn-tail": {
				"rotate": [
					{},
					{ "time": 0.3667, "angle": 51.02 }
				],
				"translate": [
					{},
					{ "time": 0.3667, "x": 1.96, "y": 0.86 }
				]
			}
		},
		"deform": {
			"default": {
				"leg-back-path": {
					"leg-back-path": [
						{},
						{
							"time": 0.3667,
							"vertices": [ 0.60892, 3.13266, 0, 0, 0.47805, -4.25719, -0.93007, -8.31838, -0.93007, -8.31838, -0.93007, -8.31838 ]
						}
					]
				},
				"leg-front-path": {
					"leg-front-path": [
						{},
						{
							"time": 0.3667,
							"offset": 6,
							"vertices": [ -0.16716, -0.98192, -0.16716, -0.98192, -0.16716, -0.98192 ]
						}
					]
				}
			}
		}
	},
	"hurt": {
		"slots": {
			"leg-back-path": {
				"twoColor": [
					{ "light": "ffffffff", "dark": "000000" },
					{ "time": 0.1, "light": "ffffffff", "dark": "ffffff" },
					{ "time": 0.3333, "light": "ffffffff", "dark": "000000" }
				]
			},
			"unicorn-hair": {
				"twoColor": [
					{ "light": "ffffffff", "dark": "000000" },
					{ "time": 0.1, "light": "ffffffff", "dark": "ffffff" },
					{ "time": 0.3333, "light": "ffffffff", "dark": "000000" }
				]
			},
			"leg-front-path": {
				"twoColor": [
					{ "light": "ffffffff", "dark": "000000" },
					{ "time": 0.1, "light": "ffffffff", "dark": "ffffff" },
					{ "time": 0.3333, "light": "ffffffff", "dark": "000000" }
				]
			},
			"unicorn-body": {
				"twoColor": [
					{ "light": "ffffffff", "dark": "000000" },
					{ "time": 0.1, "light": "ffffffff", "dark": "ffffff" },
					{ "time": 0.3333, "light": "ffffffff", "dark": "000000" }
				]
			},
			"unicorn-arm2": {
				"twoColor": [
					{ "light": "ffffffff", "dark": "000000" },
					{ "time": 0.1, "light": "ffffffff", "dark": "ffffff" },
					{ "time": 0.3333, "light": "ffffffff", "dark": "000000" }
				]
			},
			"unicorn-head": {
				"twoColor": [
					{ "light": "ffffffff", "dark": "000000" },
					{ "time": 0.1, "light": "ffffffff", "dark": "ffffff" },
					{ "time": 0.3333, "light": "ffffffff", "dark": "000000" }
				]
			},
			"unicorn-arm": {
				"twoColor": [
					{ "light": "ffffffff", "dark": "000000" },
					{ "time": 0.1, "light": "ffffffff", "dark": "ffffff" },
					{ "time": 0.3333, "light": "ffffffff", "dark": "000000" }
				]
			},
			"unicorn-leg": {
				"twoColor": [
					{ "light": "ffffffff", "dark": "000000" },
					{ "time": 0.1, "light": "ffffffff", "dark": "ffffff" },
					{ "time": 0.3333, "light": "ffffffff", "dark": "000000" }
				]
			},
			"unicorn-tail": {
				"twoColor": [
					{ "light": "ffffffff", "dark": "000000" },
					{ "time": 0.1, "light": "ffffffff", "dark": "ffffff" },
					{ "time": 0.3333, "light": "ffffffff", "dark": "000000" }
				]
			},
			"leg-back": {
				"twoColor": [
					{ "light": "ffffffff", "dark": "000000" },
					{ "time": 0.1, "light": "ffffffff", "dark": "ffffff" },
					{ "time": 0.3333, "light": "ffffffff", "dark": "000000" }
				]
			}
		}
	},
	"run": {
		"bones": {
			"arm-back-ik": {
				"translate": [
					{ "x": -15.26, "y": -12.08 },
					{ "time": 0.0667, "x": -15.9, "y": -7.84 },
					{ "time": 0.1333, "x": -7, "y": -10.18 },
					{ "time": 0.2, "x": -1.27, "y": -6.78 },
					{ "time": 0.2667, "x": 0.85, "y": 0.64 },
					{ "time": 0.3333, "x": 4.03 },
					{ "time": 0.4, "x": -7.21, "y": -14.63 },
					{ "time": 0.4667, "x": -11.87, "y": -9.54 },
					{ "time": 0.5333, "x": -15.26, "y": -12.08 }
				]
			},
			"arm-front-ik": {
				"translate": [
					{ "x": -0.42, "y": 4.03 },
					{ "time": 0.0667, "x": -3.18, "y": 7.42 },
					{ "time": 0.1333, "x": -7.21, "y": -11.66 },
					{ "time": 0.2, "x": -14.2, "y": -8.27 },
					{ "time": 0.2667, "x": -23.11, "y": -7.63 },
					{ "time": 0.3333, "x": -24.59, "y": -6.78 },
					{ "time": 0.4, "x": -12.72, "y": -14.63 },
					{ "time": 0.4667, "x": -2.97, "y": -5.94 },
					{ "time": 0.5333, "x": -0.42, "y": 4.03 }
				]
			},
			"unicorn-head": {
				"rotate": [
					{},
					{ "time": 0.2667, "angle": -4.34 },
					{ "time": 0.5333 }
				]
			},
			"unicorn-tail": {
				"rotate": [
					{},
					{ "time": 0.1, "angle": -8.65 },
					{ "time": 0.4333 }
				]
			},
			"hip": {
				"translate": [
					{},
					{ "time": 0.2, "y": 2.24 },
					{ "time": 0.2667, "y": 0.75 },
					{ "time": 0.4, "y": 1.74 },
					{ "time": 0.5333 }
				]
			}
		},
		"deform": {
			"default": {
				"leg-back-path": {
					"leg-back-path": [
						{
							"vertices": [ 0.86848, -2.77734, 0, 0, -0.76606, 3.41365, -7.17042, 3.6375, 0.93768, 5.21965, 0.96609, 6.55038 ]
						},
						{
							"time": 0.0667,
							"vertices": [ 0.86848, -2.77734, 0, 0, -0.76606, 3.41365, -6.42986, 2.14199, 0.51822, -0.74396, 2.93878, -2.60218 ]
						},
						{
							"time": 0.1333,
							"vertices": [ -0.00557, 0.0927, 0, 0, 0.28473, -0.09431, -4.57285, -1.31687, 0.14599, -4.25486, 2.34542, -6.74556 ]
						},
						{
							"time": 0.2,
							"vertices": [ -0.00557, 0.0927, 0, 0, 0.28473, -0.09431, -3.56927, -4.96722, -3.2982, -13.22704, -5.44996, -20.48549 ]
						},
						{
							"time": 0.2667,
							"vertices": [ 1.49833, 4.48562, 0, 0, -2.36198, -4.74833, -6.06967, -11.56576, -7.74112, -20.92059, -11.75126, -28.86724 ]
						},
						{
							"time": 0.3333,
							"vertices": [ 0.32603, 2.44768, 0, 0, -0.32619, -2.8942, -8.82341, -10.33813, -13.34089, -19.69887, -19.87774, -27.90697 ]
						},
						{
							"time": 0.4,
							"vertices": [ 0.32603, 2.44768, 0, 0, -0.32619, -2.8942, -6.09438, 0.29274, -9.47364, -8.97078, -14.96914, -17.15855 ]
						},
						{
							"time": 0.4667,
							"vertices": [ 0.05582, -0.51252, 0, 0, -0.28599, 0.56861, -7.81118, 4.65329, -6.6444, -0.90101, -6.91494, -6.89759 ]
						},
						{
							"time": 0.5333,
							"vertices": [ 0.86848, -2.77734, 0, 0, -0.76606, 3.41365, -7.17042, 3.6375, 0.93768, 5.21965, 0.96609, 6.55038 ]
						}
					]
				},
				"leg-front-path": {
					"leg-front-path": [
						{
							"offset": 6,
							"vertices": [ -0.11679, -1.65268, -2.22135, -8.8965, -2.12793, -12.83997 ]
						},
						{
							"time": 0.0667,
							"offset": 6,
							"vertices": [ 0.3925, 2.85847, -6.78082, -5.9877, -7.59085, -10.63934 ]
						},
						{
							"time": 0.1333,
							"vertices": [ 2.93484, -5.62525, 0, 0, -1.74931, 4.91577, 1.94549, 7.69069, -5.66868, -1.61445, -6.61139, -6.32917 ]
						},
						{
							"time": 0.2,
							"vertices": [ 2.93484, -5.62525, 0, 0, -1.74931, 4.91577, -2.8727, 15.99532, -6.59774, 14.7201, -5.94839, 11.75155 ]
						},
						{
							"time": 0.2667,
							"vertices": [ 1.53018, -4.46142, 0, 0, -0.67537, 3.73716, 0.85639, 9.61909, -1.40921, 17.82516, -1.06281, 17.38014 ]
						},
						{
							"time": 0.3333,
							"vertices": [ 2.891, -5.59863, 0, 0, -1.60236, 5.06877, 0.82318, 11.26873, -0.5416, 11.99144, 0.25216, 9.71024 ]
						},
						{
							"time": 0.4,
							"vertices": [ 2.891, -5.59863, 0, 0, -1.60236, 5.06877, 2.89054, 5.45917, 1.52575, 6.18188, 2.31951, 3.90068 ]
						},
						{
							"time": 0.4667,
							"vertices": [ -0.01137, -0.587, 0, 0, 1.49062, 0.48009, 4.05506, -0.21857, 0.71149, -5.5369, 0.90985, -9.35101 ]
						},
						{
							"time": 0.5333,
							"offset": 6,
							"vertices": [ -0.11679, -1.65268, -2.22135, -8.8965, -2.12793, -12.83997 ]
						}
					]
				}
			}
		}
	}
}
}