{
"skeleton": {
	"hash": "vTceVfJWxt1/57GuH70GoIZXdfI",
	"spine": "3.8.69",
	"x": -16.41,
	"y": -1.63,
	"width": 109.2,
	"height": 87.85,
	"images": "../output/",
	"audio": "../output/"
},
"bones": [
	{ "name": "root" },
	{ "name": "hip", "parent": "root", "length": 19.42, "rotation": -0.69, "x": -6, "y": 39.89 },
	{ "name": "zebra-body", "parent": "hip", "length": 29.66, "rotation": 81.15, "x": 4.13, "y": -2.99 },
	{ "name": "zebra-arm", "parent": "zebra-body", "length": 17.11, "rotation": -117.96, "x": 19.6, "y": 1.28 },
	{ "name": "zebra-head", "parent": "zebra-body", "length": 18.02, "rotation": -80.09, "x": 29.39, "y": -0.52 },
	{ "name": "zebra-leg", "parent": "hip", "length": 3.79, "rotation": -66.11, "x": 1.93, "y": -4.54 },
	{ "name": "zebra-leg2", "parent": "zebra-leg", "length": 3.53, "rotation": -29.38, "x": 15.06, "y": -0.22 },
	{ "name": "zebra-leg3", "parent": "zebra-leg", "length": 3.79, "x": 3.79 },
	{ "name": "zebra-leg4", "parent": "zebra-leg3", "length": 3.79, "x": 3.79 },
	{ "name": "zebra-leg5", "parent": "zebra-leg4", "length": 3.79, "x": 3.79 },
	{ "name": "zebra-foot2", "parent": "zebra-leg5", "length": 10.6, "rotation": 95.44, "x": 5.46, "y": 0.77 },
	{ "name": "leg-back", "parent": "hip", "length": 3.91, "rotation": -72.36, "x": 8.35, "y": -3.41 },
	{ "name": "leg-back2", "parent": "leg-back", "length": 3.28, "rotation": -20.01, "x": 15.48, "y": -0.19 },
	{ "name": "leg-back6", "parent": "leg-back2", "length": 3.28, "x": 3.28 },
	{ "name": "leg-back7", "parent": "leg-back6", "length": 3.28, "x": 3.28 },
	{ "name": "leg-back8", "parent": "leg-back7", "length": 3.28, "x": 3.28 },
	{ "name": "zebra-foot", "parent": "leg-back8", "length": 11.62, "rotation": 83.79, "x": 5.89, "y": -0.68 },
	{ "name": "arm-back", "parent": "zebra-body", "length": 17.42, "rotation": -121.11, "x": 23.03, "y": -2.18 },
	{ "name": "arm-back2", "parent": "arm-back", "length": 16.61, "rotation": 41.05, "x": 17.42 },
	{ "name": "zebra-leg6", "parent": "zebra-leg2", "length": 3.53, "x": 3.53 },
	{ "name": "zebra-leg7", "parent": "zebra-leg6", "length": 3.53, "x": 3.53 },
	{ "name": "zebra-leg8", "parent": "zebra-leg7", "length": 3.53, "x": 3.53 },
	{ "name": "leg-back3", "parent": "leg-back", "length": 3.91, "x": 3.91 },
	{ "name": "leg-back4", "parent": "leg-back3", "length": 3.91, "x": 3.91 },
	{ "name": "leg-back5", "parent": "leg-back4", "length": 3.91, "x": 3.91 },
	{ "name": "hip2", "parent": "hip", "length": 15.75, "rotation": -78.33, "x": 1.45, "y": -3.49 },
	{ "name": "hip3", "parent": "hip2", "length": 17.11, "rotation": -40.09, "x": 15.53, "y": 0.09 },
	{ "name": "hip4", "parent": "hip", "length": 16.8, "rotation": -72.43, "x": 8.23, "y": -3.41 },
	{ "name": "hip5", "parent": "hip4", "length": 12.45, "rotation": -22.04, "x": 16.8 },
	{ "name": "leg-back-ik", "parent": "hip", "rotation": 0.69, "x": 12.46, "y": -31.92, "color": "ff3f00ff" },
	{ "name": "leg-front-ik", "parent": "hip", "rotation": 0.69, "x": -3.8, "y": -33.71, "color": "ff3f00ff" },
	{ "name": "zebra-arm3", "parent": "zebra-body", "length": 4.28, "rotation": -117.96, "x": 19.6, "y": 1.28 },
	{ "name": "zebra-arm4", "parent": "zebra-arm", "length": 15.33, "rotation": 38.81, "x": 17.23, "y": -0.35 },
	{ "name": "zebra-arm5", "parent": "zebra-arm", "length": 3.83, "rotation": 38.81, "x": 17.23, "y": -0.35 },
	{ "name": "zebra-arm6", "parent": "zebra-arm3", "length": 4.28, "x": 4.28 },
	{ "name": "zebra-arm7", "parent": "zebra-arm6", "length": 4.28, "x": 4.28 },
	{ "name": "zebra-arm8", "parent": "zebra-arm7", "length": 4.28, "x": 4.28 },
	{ "name": "zebra-arm9", "parent": "zebra-arm5", "length": 3.83, "x": 3.83 },
	{ "name": "zebra-arm10", "parent": "zebra-arm9", "length": 3.83, "x": 3.83 },
	{ "name": "zebra-arm11", "parent": "zebra-arm10", "length": 3.83, "x": 3.83 },
	{ "name": "arm-front-ik", "parent": "hip", "rotation": 0.69, "x": 34.82, "y": 6.28, "color": "ff3f00ff" },
	{ "name": "zebra-body2", "parent": "zebra-body", "length": 4.36, "rotation": -120.72, "x": 22.98, "y": -2.01 },
	{ "name": "zebra-body3", "parent": "zebra-body2", "length": 4.15, "rotation": 40.26, "x": 17.46, "y": 0.08 },
	{ "name": "zebra-body4", "parent": "zebra-body3", "length": 4.15, "x": 4.15 },
	{ "name": "zebra-body5", "parent": "zebra-body4", "length": 4.15, "x": 4.15 },
	{ "name": "zebra-body6", "parent": "zebra-body5", "length": 4.15, "x": 4.15 },
	{ "name": "zebra-body7", "parent": "zebra-body2", "length": 4.36, "x": 4.36 },
	{ "name": "zebra-body8", "parent": "zebra-body7", "length": 4.36, "x": 4.36 },
	{ "name": "zebra-body9", "parent": "zebra-body8", "length": 4.36, "x": 4.36 },
	{ "name": "arm-back-ik", "parent": "hip", "rotation": 0.69, "x": 40.53, "y": 8.67, "color": "ff3f00ff" }
],
"slots": [
	{ "name": "arm-back", "bone": "arm-back", "dark": "000000", "attachment": "zebra-arm2" },
	{ "name": "arm-back-path", "bone": "zebra-body", "dark": "000000", "attachment": "arm-back-path" },
	{ "name": "zebra-arm", "bone": "zebra-arm", "dark": "000000" },
	{ "name": "leg-back", "bone": "leg-back", "dark": "000000", "attachment": "zebra-leg2" },
	{ "name": "zebra-foot", "bone": "zebra-foot", "dark": "000000", "attachment": "zebra-foot" },
	{ "name": "zebra-body", "bone": "zebra-body", "dark": "000000", "attachment": "zebra-body" },
	{ "name": "zebra-head", "bone": "zebra-head", "dark": "000000", "attachment": "zebra-head" },
	{ "name": "zebra-leg", "bone": "zebra-leg", "dark": "000000", "attachment": "zebra-leg" },
	{ "name": "zebra-foot2", "bone": "zebra-foot2", "dark": "000000", "attachment": "zebra-foot2" },
	{ "name": "leg-front-path", "bone": "hip", "dark": "000000", "attachment": "leg-front-path" },
	{ "name": "leg-back-path", "bone": "hip", "dark": "000000", "attachment": "leg-back-path" },
	{ "name": "megamorphic-gun2", "bone": "zebra-arm4", "dark": "000000", "attachment": "megamorphic-gun" },
	{ "name": "zebra-arm2", "bone": "zebra-arm3", "dark": "000000", "attachment": "zebra-arm" },
	{ "name": "arm-front", "bone": "zebra-body", "dark": "000000", "attachment": "arm-front" },
	{ "name": "bbox", "bone": "root", "attachment": "bbox" },
	{ "name": "flash", "bone": "zebra-arm4" },
	{ "name": "gun", "bone": "zebra-arm4", "attachment": "gun" }
],
"ik": [
	{
		"name": "arm-back-ik",
		"order": 3,
		"bones": [ "arm-back", "arm-back2" ],
		"target": "arm-back-ik"
	},
	{
		"name": "arm-front-ik",
		"order": 2,
		"bones": [ "zebra-arm4" ],
		"target": "arm-front-ik"
	},
	{
		"name": "leg-back",
		"bones": [ "hip4", "hip5" ],
		"target": "leg-back-ik",
		"bendPositive": false
	},
	{
		"name": "leg-front",
		"order": 1,
		"bones": [ "hip2", "hip3" ],
		"target": "leg-front-ik",
		"bendPositive": false
	}
],
"path": [
	{
		"name": "arm-back-path",
		"order": 7,
		"bones": [ "zebra-body2", "zebra-body7", "zebra-body8", "zebra-body9", "zebra-body3", "zebra-body4", "zebra-body5", "zebra-body6" ],
		"target": "arm-back-path",
		"rotateMode": "chain"
	},
	{
		"name": "arm-front",
		"order": 6,
		"bones": [ "zebra-arm3", "zebra-arm6", "zebra-arm7", "zebra-arm8", "zebra-arm5", "zebra-arm9", "zebra-arm10", "zebra-arm11" ],
		"target": "arm-front",
		"rotateMode": "chain"
	},
	{
		"name": "leg-back-path",
		"order": 5,
		"bones": [ "leg-back", "leg-back3", "leg-back4", "leg-back5", "leg-back2", "leg-back6", "leg-back7", "leg-back8" ],
		"target": "leg-back-path",
		"rotateMode": "chain"
	},
	{
		"name": "leg-front",
		"order": 4,
		"bones": [ "zebra-leg", "zebra-leg8", "zebra-leg7", "zebra-leg6", "zebra-leg2", "zebra-leg3", "zebra-leg4", "zebra-leg5" ],
		"target": "leg-front-path",
		"rotateMode": "chain"
	}
],
"skins": [
	{
		"name": "default",
		"attachments": {
			"gun": {
				"gun": { "type": "point", "x": 15.52, "y": 1.69 }
			},
			"leg-back": {
				"zebra-leg2": {
					"type": "mesh",
					"path": "zebra-leg",
					"uvs": [ 0.55706, 0.05097, 0.55865, 0.05511, 0.64979, 0.10168, 0.75331, 0.20739, 0.85106, 0.36176, 0.85081, 0.69453, 0.8275, 0.75983, 0.76194, 0.90749, 0.62489, 0.94309, 0.6178, 0.94897, 0.34956, 0.94924, 0.29054, 0.88594, 0.37516, 0.66064, 0.32707, 0.51336, 0.15811, 0.34497, 0.14939, 0.33544, 0.14948, 0.13611, 0.14934, 0.12823, 0.24295, 0.03233, 0.22545, 0.05093, 0.37296, 0.02827, 0.26653, 0.25436, 0.33653, 0.34052, 0.43452, 0.4238, 0.57172, 0.5157, 0.51572, 0.61908, 0.50732, 0.71529, 0.47372, 0.80718, 0.44852, 0.8718, 0.60532, 0.88185, 0.68372, 0.7799, 0.71732, 0.68226, 0.72012, 0.55877, 0.71732, 0.46975, 0.69772, 0.36636, 0.65572, 0.28165, 0.57732, 0.17826, 0.47652, 0.10934, 0.31309, 0.15546 ],
					"triangles": [ 9, 28, 29, 9, 10, 28, 10, 11, 28, 9, 29, 8, 8, 29, 7, 29, 30, 7, 28, 11, 27, 28, 27, 29, 29, 27, 30, 27, 11, 12, 7, 30, 6, 27, 26, 30, 30, 31, 6, 30, 26, 31, 5, 32, 4, 27, 12, 26, 6, 31, 5, 26, 25, 31, 26, 12, 25, 31, 32, 5, 31, 25, 32, 12, 13, 25, 24, 33, 32, 32, 33, 4, 25, 24, 32, 25, 13, 24, 13, 23, 24, 24, 23, 33, 23, 13, 14, 23, 34, 33, 33, 34, 4, 34, 23, 35, 23, 14, 22, 23, 22, 35, 34, 35, 4, 35, 3, 4, 14, 15, 22, 15, 21, 22, 22, 21, 35, 15, 16, 21, 21, 36, 35, 35, 36, 3, 36, 38, 37, 36, 21, 38, 21, 16, 38, 36, 2, 3, 36, 37, 2, 38, 17, 19, 38, 20, 37, 38, 19, 20, 38, 16, 17, 19, 17, 18, 37, 1, 2, 37, 0, 1, 37, 20, 0 ],
					"vertices": [ 2, 11, -3.34, 4.1, 0.99893, 22, -7.82, 2.87, 0.00107, 2, 11, -3.17, 4.09, 0.99856, 22, -7.66, 2.88, 0.00144, 3, 11, -0.91, 5.3, 0.9556, 22, -5.62, 4.45, 0.04418, 23, -9.82, 3.77, 2.2E-4, 4, 11, 3.64, 6.08, 0.5144, 22, -1.26, 5.96, 0.41882, 23, -5.57, 5.58, 0.06677, 24, -9.76, 5.1, 2.0E-5, 5, 11, 9.97, 6.2, 0.01518, 22, 4.97, 7.1, 0.39434, 23, 0.56, 7.16, 0.48233, 24, -3.71, 6.98, 0.10596, 12, -7.91, 6.65, 0.00218, 5, 24, 9.66, 4.82, 0.01549, 12, 5.54, 5.06, 0.18932, 13, 2.05, 5.15, 0.55057, 14, -1.51, 5.07, 0.24036, 15, -5.24, 4.6, 0.00428, 4, 12, 8.16, 4.52, 0.02864, 13, 4.69, 4.72, 0.32881, 14, 1.15, 4.79, 0.52584, 15, -2.57, 4.57, 0.11671, 3, 13, 10.56, 3.92, 5.9E-4, 14, 7.05, 4.31, 0.06856, 15, 3.35, 4.64, 0.93085, 2, 14, 8.83, 1.8, 4.8E-4, 15, 5.36, 2.31, 0.99952, 2, 14, 9.08, 1.7, 0, 15, 5.62, 2.23, 1, 2, 14, 9.89, -3.61, 2.0E-5, 15, 6.92, -2.97, 0.99998, 3, 13, 10.61, -5.55, 2.7E-4, 14, 7.62, -5.14, 0.0246, 15, 4.8, -4.71, 0.97513, 5, 24, 8.5, -4.96, 0.02781, 12, 4.79, -4.76, 0.20394, 13, 1.71, -4.69, 0.54708, 14, -1.32, -4.77, 0.18998, 15, -4.13, -5.18, 0.03119, 5, 22, 9.64, -5.25, 0.01478, 23, 6.08, -4.84, 0.19602, 24, 2.4, -4.72, 0.58178, 12, -1.31, -4.78, 0.182, 13, -4.39, -4.97, 0.02542, 4, 11, 5.31, -6.9, 0.22605, 22, 2.5, -6.58, 0.46306, 23, -0.96, -6.66, 0.27106, 24, -4.53, -6.9, 0.03983, 4, 11, 4.9, -6.95, 0.25848, 22, 2.1, -6.7, 0.4665, 23, -1.34, -6.81, 0.24324, 24, -4.91, -7.06, 0.03179, 3, 11, -2.54, -4.66, 0.97254, 22, -5.61, -5.65, 0.02738, 23, -9.1, -6.3, 8.0E-5, 2, 11, -2.83, -4.57, 0.97752, 22, -5.91, -5.61, 0.02248, 1, 11, -5.86, -1.69, 1, 2, 11, -5.27, -2.24, 0.99999, 22, -8.7, -3.71, 1.0E-5, 1, 11, -5.26, 0.84, 1, 4, 11, 2.56, -3.77, 0.6369, 22, -0.73, -3.94, 0.32066, 23, -4.35, -4.25, 0.04188, 24, -8.04, -4.66, 5.6E-4, 4, 11, 6.18, -3.44, 0.1066, 22, 2.79, -3.02, 0.59713, 23, -0.91, -3.09, 0.27245, 24, -4.66, -3.33, 0.02382, 5, 11, 9.78, -5.06, 0.00723, 22, 6.61, -4.04, 0.1184, 23, 2.97, -3.84, 0.54054, 24, -0.75, -3.88, 0.32365, 12, -4.5, -4.07, 0.01018, 4, 23, 6.63, -1.07, 0.01407, 24, 2.76, -0.94, 0.92442, 12, -1.11, -0.98, 0.06014, 13, -4.35, -1.16, 0.00137, 4, 24, 6.85, -2.17, 0.05056, 12, 3.02, -2.04, 0.5064, 13, -0.17, -2.05, 0.42993, 14, -3.34, -2.23, 0.01311, 4, 12, 6.78, -2.01, 0.01434, 13, 3.58, -1.86, 0.42628, 14, 0.4, -1.84, 0.5136, 15, -2.7, -2.11, 0.04578, 3, 13, 7.21, -2.19, 0.01742, 14, 4.04, -1.98, 0.22573, 15, 0.94, -1.9, 0.75685, 3, 13, 9.77, -2.45, 1.8E-4, 14, 6.61, -2.1, 0.01614, 15, 3.51, -1.78, 0.98368, 2, 14, 6.53, 1.06, 0.00473, 15, 3.14, 1.36, 0.99527, 4, 12, 9.1, 1.65, 2.0E-4, 13, 5.75, 1.89, 0.08012, 14, 2.36, 2.02, 0.71129, 15, -1.1, 1.93, 0.20839, 4, 24, 9.23, 2.04, 0.00332, 12, 5.23, 2.26, 0.11414, 13, 1.85, 2.34, 0.71578, 14, -1.56, 2.26, 0.16676, 6, 22, 12.26, 3.28, 0.00369, 23, 8.1, 3.85, 0.05895, 24, 3.98, 4.06, 0.44288, 12, -0.1, 4.06, 0.41032, 13, -3.55, 3.91, 0.08362, 14, -7.03, 3.54, 5.4E-4, 5, 22, 8.85, 3.18, 0.04916, 23, 4.7, 3.51, 0.35314, 24, 0.61, 3.55, 0.52625, 12, -3.45, 3.4, 0.06935, 13, -6.86, 3.12, 0.00209, 5, 11, 9.25, 3.21, 0.01015, 22, 4.74, 4.04, 0.39237, 23, 0.54, 4.09, 0.52371, 24, -3.57, 3.91, 0.07274, 12, -7.64, 3.59, 0.00103, 4, 11, 5.84, 3.37, 0.18454, 22, 1.35, 3.64, 0.6626, 23, -2.81, 3.45, 0.15025, 24, -6.89, 3.11, 0.00261, 3, 11, 1.53, 3.05, 0.88356, 22, -2.85, 2.62, 0.11258, 23, -6.93, 2.14, 0.00387, 2, 11, -1.63, 1.9, 0.99922, 22, -5.78, 0.97, 7.8E-4, 2, 11, -0.86, -1.75, 0.98481, 22, -4.43, -2.51, 0.01519 ],
					"hull": 21,
					"edges": [ 0, 40, 0, 2, 2, 4, 4, 6, 6, 8, 8, 10, 10, 12, 12, 14, 14, 16, 16, 18, 18, 20, 20, 22, 26, 28, 28, 30, 30, 32, 32, 34, 34, 36, 36, 38, 38, 40, 22, 24, 24, 26, 42, 44, 44, 46, 46, 48, 48, 50, 50, 52, 52, 54, 54, 56, 56, 58, 58, 60, 60, 62, 62, 64, 64, 66, 66, 68, 68, 70, 70, 72, 72, 74, 40, 76, 76, 42, 74, 76, 42, 72, 44, 70, 46, 68, 48, 66, 50, 64, 52, 62, 54, 60 ],
					"width": 20,
					"height": 39
				}
			},
			"zebra-head": {
				"zebra-head": { "x": 4.36, "y": 6.94, "rotation": -0.37, "width": 32, "height": 27 }
			},
			"zebra-body": {
				"zebra-body": { "x": 12.45, "y": -0.34, "rotation": -80.46, "width": 29, "height": 41 }
			},
			"zebra-leg": {
				"zebra-leg": {
					"type": "mesh",
					"uvs": [ 0.55706, 0.05097, 0.55865, 0.05511, 0.64979, 0.10168, 0.75331, 0.20739, 0.85106, 0.36176, 0.85081, 0.69453, 0.8275, 0.75983, 0.76194, 0.90749, 0.62489, 0.94309, 0.6178, 0.94897, 0.34956, 0.94924, 0.29054, 0.88594, 0.37516, 0.66064, 0.32707, 0.51336, 0.15811, 0.34497, 0.14939, 0.33544, 0.14948, 0.13611, 0.14934, 0.12823, 0.24295, 0.03233, 0.22545, 0.05093, 0.37296, 0.02827, 0.26653, 0.25436, 0.33653, 0.34052, 0.43452, 0.4238, 0.57172, 0.5157, 0.51572, 0.61908, 0.50732, 0.71529, 0.47372, 0.80718, 0.44852, 0.8718, 0.60532, 0.88185, 0.68372, 0.7799, 0.71732, 0.68226, 0.72012, 0.55877, 0.71732, 0.46975, 0.69772, 0.36636, 0.65572, 0.28165, 0.57732, 0.17826, 0.47652, 0.10934, 0.31309, 0.15546 ],
					"triangles": [ 27, 11, 12, 9, 29, 8, 8, 29, 7, 27, 26, 30, 28, 27, 29, 29, 30, 7, 29, 27, 30, 9, 28, 29, 9, 10, 28, 28, 11, 27, 10, 11, 28, 27, 12, 26, 26, 12, 25, 7, 30, 6, 30, 31, 6, 30, 26, 31, 6, 31, 5, 26, 25, 31, 31, 25, 32, 12, 13, 25, 25, 24, 32, 25, 13, 24, 24, 33, 32, 32, 33, 4, 13, 23, 24, 24, 23, 33, 23, 14, 22, 23, 13, 14, 23, 34, 33, 33, 34, 4, 34, 23, 35, 34, 35, 4, 23, 22, 35, 35, 3, 4, 14, 15, 22, 22, 21, 35, 31, 32, 5, 5, 32, 4, 15, 21, 22, 15, 16, 21, 21, 36, 35, 35, 36, 3, 36, 38, 37, 36, 21, 38, 21, 16, 38, 36, 2, 3, 36, 37, 2, 38, 17, 19, 38, 20, 37, 38, 19, 20, 38, 16, 17, 19, 17, 18, 37, 1, 2, 37, 0, 1, 37, 20, 0 ],
					"vertices": [ 2, 5, -2.82, 5.44, 0.98067, 21, -6.87, 5.11, 0.01933, 2, 5, -2.66, 5.41, 0.9793, 21, -6.71, 5.09, 0.0207, 3, 5, -0.28, 6.37, 0.89195, 21, -4.37, 6.16, 0.10511, 20, -8.2, 5.76, 0.00294, 4, 5, 4.33, 6.65, 0.41478, 21, 0.22, 6.67, 0.46136, 20, -3.64, 6.49, 0.12177, 19, -7.53, 6.07, 0.0021, 4, 5, 10.63, 6.07, 0.00716, 21, 6.54, 6.4, 0.25152, 20, 2.69, 6.54, 0.53689, 19, -1.21, 6.48, 0.20442, 3, 6, 6.09, 4.63, 0.41289, 7, 1.77, 4.99, 0.53625, 8, -2.9, 4.54, 0.05085, 3, 6, 8.56, 4.5, 0.1338, 7, 4.22, 5.26, 0.65538, 8, -0.53, 5.25, 0.21082, 3, 6, 14.41, 3.83, 5.4E-4, 7, 10.1, 5.57, 0.40857, 8, 5.19, 6.63, 0.59089, 2, 7, 12.18, 3.3, 0.29067, 8, 7.65, 4.78, 0.70933, 2, 7, 12.44, 3.23, 0.28389, 8, 7.92, 4.75, 0.71611, 2, 7, 13.9, -1.94, 0.10578, 8, 10.29, -0.06, 0.89422, 3, 19, 17.65, -6.72, 0, 7, 11.84, -3.74, 0.07717, 8, 8.6, -2.21, 0.92283, 5, 6, 5.67, -4.9, 0.01065, 20, 12.03, -5.81, 0.00353, 19, 8.82, -5.31, 0.01285, 7, 2.92, -4.48, 0.12874, 8, -0.03, -4.56, 0.84423, 7, 5, 12.46, -6.71, 0.00165, 6, -0.51, -5.92, 0.12097, 21, 8.99, -6.28, 0.05453, 20, 5.77, -6, 0.26035, 19, 2.58, -5.86, 0.32355, 7, -3.01, -6.5, 0.21108, 8, -5.49, -7.63, 0.02787, 5, 5, 4.59, -6.47, 0.3114, 21, 1.12, -6.42, 0.42859, 20, -2.08, -6.53, 0.23683, 19, -5.23, -6.84, 0.01836, 7, -10.36, -9.32, 0.00482, 5, 5, 4.18, -6.47, 0.34819, 21, 0.71, -6.44, 0.42064, 20, -2.5, -6.58, 0.21358, 19, -5.64, -6.91, 0.01395, 7, -10.74, -9.48, 0.00365, 3, 5, -2.98, -3.36, 0.99798, 21, -6.6, -3.68, 0.00198, 20, -9.93, -4.19, 4.0E-5, 2, 5, -3.27, -3.24, 0.99904, 21, -6.89, -3.58, 9.6E-4, 1, 5, -5.97, -0.05, 1, 1, 5, -5.44, -0.65, 1, 1, 5, -5.09, 2.41, 1, 3, 5, 2.18, -3.02, 0.75289, 21, -1.46, -3.1, 0.20878, 20, -4.83, -3.35, 0.03833, 5, 5, 5.82, -3.12, 0.1233, 21, 2.19, -3.02, 0.57894, 20, -1.19, -3.08, 0.27742, 19, -4.54, -3.35, 0.01568, 7, -10.52, -5.75, 0.00466, 6, 5, 9.59, -2.8, 9.6E-4, 6, -4.2, -2.77, 0.01026, 21, 5.93, -2.51, 0.05853, 20, 2.52, -2.39, 0.68515, 19, -0.87, -2.44, 0.22231, 7, -7.17, -4, 0.0228, 5, 6, -0.33, -1.16, 0.17608, 21, 10.03, -1.64, 7.0E-5, 20, 6.57, -1.31, 0.00698, 19, 3.11, -1.13, 0.80138, 7, -3.62, -1.78, 0.01549, 5, 6, 3.76, -2.28, 0.13314, 20, 10.48, -2.96, 0.00965, 19, 7.11, -2.56, 0.04223, 7, 0.6, -2.21, 0.77432, 8, -2.73, -2.75, 0.04066, 2, 7, 4.26, -1.36, 0.44154, 8, 0.71, -1.25, 0.55846, 4, 20, 17.79, -3.98, 0, 19, 14.47, -3.16, 0, 7, 7.89, -1.04, 0.19539, 8, 4.23, -0.27, 0.80461, 5, 6, 13.7, -2.55, 0, 20, 20.3, -4.54, 0, 19, 17, -3.58, 0, 7, 10.45, -0.85, 0.15262, 8, 6.71, 0.39, 0.84738, 3, 6, 13.76, 0.61, 3.0E-5, 7, 9.99, 2.28, 0.32108, 8, 5.68, 3.37, 0.67889, 3, 6, 9.63, 1.74, 0.03294, 7, 5.74, 2.72, 0.59169, 8, 1.42, 3.03, 0.37537, 3, 6, 5.81, 1.97, 0.29278, 7, 1.93, 2.31, 0.65731, 8, -2.25, 1.94, 0.04991, 4, 6, 1.6, 1.98, 0.71842, 20, 8.9, 1.55, 0.00263, 19, 5.27, 1.86, 0.27863, 7, -2.23, 1.64, 3.1E-4, 4, 6, -1.54, 2.74, 0.07227, 21, 9.56, 2.42, 0.01672, 20, 5.9, 2.72, 0.22063, 19, 2.21, 2.85, 0.69038, 4, 5, 9.59, 3.18, 0.00508, 21, 5.64, 3.46, 0.2298, 20, 1.93, 3.56, 0.6043, 19, -1.8, 3.47, 0.16082, 4, 5, 6.22, 3.71, 0.13989, 21, 2.25, 3.83, 0.60279, 20, -1.47, 3.76, 0.24503, 19, -5.21, 3.47, 0.01229, 3, 5, 1.9, 3.86, 0.78211, 21, -2.07, 3.76, 0.20406, 20, -5.79, 3.48, 0.01383, 2, 5, -1.37, 3.07, 0.98433, 21, -5.3, 2.81, 0.01567, 1, 5, -1, -0.65, 1 ],
					"hull": 21,
					"edges": [ 0, 40, 0, 2, 2, 4, 4, 6, 6, 8, 8, 10, 10, 12, 12, 14, 14, 16, 16, 18, 18, 20, 20, 22, 26, 28, 28, 30, 30, 32, 32, 34, 34, 36, 36, 38, 38, 40, 22, 24, 24, 26, 42, 44, 44, 46, 46, 48, 48, 50, 50, 52, 52, 54, 54, 56, 56, 58, 58, 60, 60, 62, 62, 64, 64, 66, 66, 68, 68, 70, 70, 72, 72, 74, 40, 76, 76, 42, 74, 76, 42, 72, 44, 70, 46, 68, 48, 66, 50, 64, 52, 62, 54, 60 ],
					"width": 20,
					"height": 39
				}
			},
			"leg-back-path": {
				"leg-back-path": {
					"type": "path",
					"lengths": [ 29.98, 62.56 ],
					"vertexCount": 6,
					"vertices": [ 1, 27, -2.84, -0.84, 1, 1, 27, 0.15, 0.21, 1, 1, 27, 5.46, 2.07, 1, 1, 28, 7.32, 1.71, 1, 1, 28, 13.3, 0.4, 1, 1, 27, 32.25, -6.65, 1 ]
				}
			},
			"arm-front": {
				"arm-front": {
					"type": "path",
					"lengths": [ 32.42, 68.78 ],
					"vertexCount": 6,
					"vertices": [ 1, 3, -5.71, 1.5, 1, 1, 3, 0.01, -0.11, 1, 1, 3, 12.03, -3.48, 1, 1, 32, 5.13, -1.5, 1, 1, 32, 15.47, -0.12, 1, 1, 3, 33.44, 13.55, 1 ]
				}
			},
			"zebra-arm2": {
				"zebra-arm": {
					"type": "mesh",
					"uvs": [ 0.27268, 0.09254, 0.31192, 0.15002, 0.36395, 0.23956, 0.39022, 0.37666, 0.47268, 0.42668, 0.52284, 0.51183, 0.57038, 0.57198, 0.65985, 0.6072, 0.72285, 0.60742, 0.78304, 0.60763, 0.84605, 0.60784, 0.88803, 0.60799, 0.93813, 0.60816, 0.94662, 0.63954, 0.95032, 0.65229, 0.95028, 0.77926, 0.95025, 0.86179, 0.94913, 0.86322, 0.91774, 0.87229, 0.83283, 0.89684, 0.74045, 0.92354, 0.72525, 0.91391, 0.66686, 0.9139, 0.49326, 0.91386, 0.34802, 0.91384, 0.28558, 0.85898, 0.24788, 0.82586, 0.2012, 0.78732, 0.12158, 0.62076, 0.05618, 0.48397, 0.04973, 0.44194, 0.0371, 0.26796, 0.04967, 0.15381, 0, 0.1985, 0.1039, 0.10346, 0.12406, 0.08634, 0.20422, 0.08694, 0.90851, 0.79014, 0.83752, 0.79424, 0.75705, 0.80042, 0.68664, 0.8056, 0.54309, 0.82214, 0.42612, 0.80682, 0.34236, 0.77605, 0.26398, 0.70392, 0.21902, 0.53227, 0.14648, 0.41226, 0.10067, 0.247, 0.25184, 0.1776, 0.30015, 0.29023, 0.31465, 0.44543, 0.36478, 0.57002, 0.45885, 0.60588, 0.51072, 0.69091, 0.60829, 0.70212, 0.70611, 0.69905, 0.76976, 0.70609, 0.84161, 0.70483, 0.89671, 0.68523 ],
					"triangles": [ 57, 9, 10, 58, 57, 10, 58, 10, 11, 56, 8, 9, 56, 9, 57, 38, 56, 57, 58, 11, 12, 58, 12, 13, 58, 13, 14, 15, 58, 14, 37, 58, 15, 57, 58, 37, 38, 57, 37, 16, 37, 15, 17, 37, 16, 18, 37, 17, 18, 19, 38, 18, 38, 37, 55, 7, 8, 55, 8, 56, 39, 55, 56, 39, 56, 38, 19, 39, 38, 20, 21, 39, 19, 20, 39, 40, 55, 39, 54, 7, 55, 40, 54, 55, 41, 54, 40, 22, 41, 40, 21, 40, 39, 22, 40, 21, 54, 6, 7, 53, 6, 54, 41, 53, 54, 23, 41, 22, 52, 4, 5, 53, 5, 6, 53, 52, 5, 42, 53, 41, 23, 42, 41, 49, 2, 3, 51, 3, 4, 52, 51, 4, 42, 43, 52, 42, 52, 53, 24, 42, 23, 24, 43, 42, 49, 48, 1, 49, 1, 2, 50, 49, 3, 50, 45, 49, 51, 50, 3, 51, 44, 45, 51, 45, 50, 43, 44, 51, 43, 51, 52, 26, 27, 44, 25, 26, 44, 43, 25, 44, 25, 43, 24, 48, 36, 0, 48, 0, 1, 34, 32, 33, 47, 32, 34, 47, 34, 35, 47, 35, 36, 47, 36, 48, 31, 32, 47, 46, 47, 48, 46, 48, 49, 30, 31, 47, 30, 47, 46, 45, 46, 49, 29, 30, 46, 28, 29, 46, 28, 46, 45, 28, 45, 44, 27, 28, 44 ],
					"vertices": [ 3, 31, 0.3, 6.06, 0.51341, 34, -3.09, 6.27, 0.40306, 35, -6.31, 7.03, 0.08352, 3, 31, 2.35, 5.97, 0.30506, 34, -1.07, 5.88, 0.53882, 35, -4.39, 6.32, 0.15612, 3, 31, 5.26, 5.6, 0.05132, 34, 1.74, 5.08, 0.58194, 35, -1.74, 5.08, 0.36674, 3, 34, 4.19, 2.83, 0.10833, 35, 0.32, 2.47, 0.8396, 36, -3.55, 2.74, 0.05207, 2, 35, 3.81, 2.5, 0.17479, 36, -0.1, 2.2, 0.82521, 2, 36, 2.24, 0.77, 0.97008, 33, -1.94, 0.75, 0.02992, 2, 33, 0.36, 0.86, 0.97858, 37, -3.36, 1.05, 0.02142, 3, 37, 1.3, 3.32, 0.5316, 38, -2.17, 3.37, 0.42763, 39, -5.65, 3.76, 0.04077, 3, 37, 3.92, 4.06, 0.05595, 38, 0.52, 3.8, 0.66892, 39, -2.93, 3.92, 0.27513, 2, 38, 2.94, 3.9, 0.26269, 39, -0.52, 3.77, 0.73731, 2, 38, 5.46, 3.99, 0.00394, 39, 1.99, 3.6, 0.99606, 1, 39, 3.67, 3.49, 1, 1, 39, 5.67, 3.36, 1, 1, 39, 5.96, 2.61, 1, 1, 39, 6.09, 2.31, 1, 2, 38, 9.77, 0.2, 0.00262, 39, 5.9, -0.6, 0.99738, 2, 38, 9.84, -1.7, 0.02584, 39, 5.77, -2.5, 0.97416, 2, 38, 9.79, -1.73, 0.02557, 39, 5.73, -2.53, 0.97443, 2, 38, 8.54, -1.99, 0.07587, 39, 4.46, -2.65, 0.92413, 3, 37, 9.28, -1.84, 0.0469, 38, 5.17, -2.68, 0.74611, 39, 1.03, -3, 0.20699, 3, 33, 9.89, -2, 0.01927, 37, 5.72, -3.01, 0.56604, 38, 1.5, -3.43, 0.41469, 3, 33, 9.24, -1.96, 0.03889, 37, 5.08, -2.88, 0.68369, 38, 0.89, -3.23, 0.27742, 4, 36, 11.59, -1.14, 0.01359, 33, 7, -2.6, 0.28837, 37, 2.78, -3.23, 0.69676, 38, -1.45, -3.31, 0.00128, 5, 31, 18.98, 1.66, 1.3E-4, 34, 14.73, -0.85, 0.03145, 35, 10.13, -2.85, 0.19218, 36, 5.27, -4.11, 0.67296, 33, 0.3, -4.55, 0.10328, 4, 31, 14.71, -5.3, 0.09231, 34, 9.47, -7.1, 0.5021, 35, 3.94, -8.18, 0.3883, 36, -1.71, -8.36, 0.01729, 3, 31, 11.77, -6.82, 0.2139, 34, 6.34, -8.16, 0.59606, 35, 0.67, -8.73, 0.19004, 3, 31, 10, -7.5, 0.32395, 34, 4.49, -8.58, 0.58095, 35, -1.22, -8.84, 0.0951, 3, 31, 7.89, -8.16, 0.46267, 34, 2.31, -8.92, 0.50405, 35, -3.43, -8.83, 0.03329, 2, 31, 2.92, -7.25, 0.85431, 34, -2.48, -7.27, 0.14569, 2, 31, -1.09, -6.35, 0.99649, 34, -6.3, -5.8, 0.00351, 2, 31, -1.88, -5.74, 0.99967, 34, -7, -5.08, 3.3E-4, 1, 31, -4.72, -2.88, 1, 2, 31, -5.92, -0.49, 0.99997, 34, -10.21, 0.72, 3.0E-5, 2, 31, -6.87, -2.51, 0.9999, 34, -11.45, -1.14, 1.0E-4, 3, 31, -4.9, 1.75, 0.98701, 34, -8.87, 2.78, 0.01279, 35, -12.58, 4.52, 2.0E-4, 3, 31, -4.5, 2.55, 0.97223, 34, -8.36, 3.52, 0.02659, 35, -11.96, 5.16, 0.00118, 3, 31, -1.95, 4.49, 0.78621, 34, -5.55, 5.06, 0.18714, 35, -8.94, 6.23, 0.02665, 2, 38, 8.11, -0.11, 0.02277, 39, 4.21, -0.74, 0.97723, 3, 37, 9.11, 0.52, 0.00275, 38, 5.27, -0.31, 0.28041, 39, 1.38, -0.65, 0.71684, 3, 33, 9.75, 0.9, 1.9E-4, 37, 5.95, -0.11, 0.1128, 38, 2.06, -0.57, 0.88702, 3, 36, 11.25, 1.45, 2.3E-4, 33, 7.07, 0.01, 0.04169, 37, 3.18, -0.65, 0.95807, 4, 34, 14.73, 2.1, 0.0018, 35, 10.6, 0.06, 0.02958, 36, 6.21, -1.32, 0.47977, 33, 1.66, -1.94, 0.48885, 4, 31, 15.29, -0.8, 0.01786, 34, 10.72, -2.74, 0.23014, 35, 5.87, -4.07, 0.55872, 36, 0.86, -4.63, 0.19327, 4, 31, 12.25, -3.84, 0.12194, 34, 7.26, -5.29, 0.56263, 35, 2.05, -6.03, 0.31113, 36, -3.23, -5.94, 0.00429, 3, 31, 8.66, -5.09, 0.35734, 34, 3.52, -5.99, 0.58343, 35, -1.75, -6.13, 0.05923, 2, 31, 4.76, -3.26, 0.78011, 34, -0.06, -3.6, 0.21989, 2, 31, 0.78, -2.85, 0.99835, 34, -3.94, -2.61, 0.00165, 1, 31, -2.99, -0.95, 1, 3, 31, 0.83, 4, 0.54962, 34, -2.87, 4.16, 0.37777, 35, -6.44, 4.91, 0.07261, 3, 31, 3.94, 3.12, 0.1167, 34, 0.08, 2.83, 0.69465, 35, -3.74, 3.13, 0.18865, 2, 31, 6.58, 0.64, 0.00153, 34, 2.31, -0.02, 0.99847, 3, 31, 9.91, -0.4, 0.05125, 34, 5.45, -1.54, 0.73009, 35, 0.86, -2.05, 0.21867, 4, 31, 13.4, 1.23, 0.00561, 34, 9.15, -0.45, 0.11235, 35, 4.68, -1.56, 0.81334, 36, 0.1, -1.96, 0.0687, 5, 31, 16.21, 1.05, 0.00314, 34, 11.9, -1.04, 0.09115, 35, 7.31, -2.59, 0.41871, 36, 2.53, -3.4, 0.48698, 33, -2.3, -3.42, 2.0E-5, 4, 33, 3.23, 0.94, 0.19946, 37, -0.51, 0.76, 0.77579, 38, -4.26, 1.03, 0.02459, 39, -7.97, 1.65, 1.6E-4, 3, 37, 3.58, 1.88, 0.0784, 38, -0.07, 1.67, 0.82029, 39, -3.73, 1.86, 0.10131, 2, 38, 2.49, 1.62, 0.45464, 39, -1.2, 1.55, 0.54536, 1, 39, 1.67, 1.39, 1, 1, 39, 3.9, 1.69, 1 ],
					"hull": 37,
					"edges": [ 0, 72, 24, 26, 26, 28, 32, 34, 40, 42, 52, 54, 58, 60, 64, 66, 66, 68, 68, 70, 70, 72, 60, 62, 62, 64, 0, 2, 2, 4, 54, 56, 56, 58, 4, 6, 6, 8, 48, 50, 50, 52, 8, 10, 10, 12, 12, 14, 46, 48, 42, 44, 44, 46, 14, 16, 16, 18, 38, 40, 18, 20, 34, 36, 36, 38, 20, 22, 22, 24, 28, 30, 30, 32, 74, 36, 30, 74, 76, 38, 74, 76, 78, 40, 80, 44, 78, 80, 82, 46, 80, 82, 84, 48, 82, 84, 86, 50, 84, 86, 88, 54, 86, 88, 90, 56, 88, 90, 92, 58, 90, 92, 94, 62, 92, 94, 94, 68, 2, 96, 96, 94, 72, 96, 4, 98, 98, 92, 96, 98, 6, 100, 100, 90, 98, 100, 8, 102, 102, 88, 100, 102, 10, 104, 104, 86, 102, 104, 12, 106, 106, 84, 104, 106, 14, 108, 108, 82, 106, 108, 16, 110, 110, 80, 108, 110, 18, 112, 112, 78, 110, 112, 20, 114, 114, 76, 112, 114, 22, 116, 116, 74, 114, 116 ],
					"width": 40,
					"height": 23
				}
			},
			"arm-back-path": {
				"arm-back-path": {
					"type": "path",
					"lengths": [ 34.23, 73.24 ],
					"vertexCount": 6,
					"vertices": [ 1, 17, -6.9, 0.4, 1, 1, 17, -0.13, -0.12, 1, 1, 17, 14.37, -1.22, 1, 1, 18, 1.02, -1.04, 1, 1, 18, 17.1, 2.68, 1, 1, 17, 34.73, 16.89, 1 ]
				}
			},
			"zebra-foot": {
				"zebra-foot": { "x": 4.34, "y": 0.25, "rotation": 9.27, "width": 19, "height": 11 }
			},
			"leg-front-path": {
				"leg-front-path": {
					"type": "path",
					"lengths": [ 29.56, 64.28 ],
					"vertexCount": 6,
					"vertices": [ 1, 26, -18.6, -10.47, 1, 1, 25, -0.67, 0.52, 1, 1, 26, -9.76, -4.39, 1, 1, 26, 11.52, 1.27, 1, 1, 26, 14.41, -0.12, 1, 1, 26, 17.31, -1.51, 1 ]
				}
			},
			"bbox": {
				"bbox": {
					"type": "boundingbox",
					"vertexCount": 4,
					"vertices": [ -9.15, 0.86, 13.56, 0.86, 13.95, 71.51, -9.15, 71.51 ]
				}
			},
			"megamorphic-gun2": {
				"megamorphic-gun": { "x": 35.13, "y": 5.98, "rotation": -1.31, "width": 88, "height": 24 }
			},
			"arm-back": {
				"zebra-arm2": {
					"type": "mesh",
					"path": "zebra-arm",
					"uvs": [ 0.27268, 0.09254, 0.31192, 0.15002, 0.36395, 0.23956, 0.39022, 0.37666, 0.47268, 0.42668, 0.52284, 0.51183, 0.57038, 0.57198, 0.65985, 0.6072, 0.72285, 0.60742, 0.78304, 0.60763, 0.84605, 0.60784, 0.88803, 0.60799, 0.93813, 0.60816, 0.94662, 0.63954, 0.95032, 0.65229, 0.95028, 0.77926, 0.95025, 0.86179, 0.94913, 0.86322, 0.91774, 0.87229, 0.83283, 0.89684, 0.74045, 0.92354, 0.72525, 0.91391, 0.66686, 0.9139, 0.49326, 0.91386, 0.34802, 0.91384, 0.28558, 0.85898, 0.24788, 0.82586, 0.2012, 0.78732, 0.12158, 0.62076, 0.05618, 0.48397, 0.04973, 0.44194, 0.0371, 0.26796, 0.04967, 0.15381, 0, 0.1985, 0.1039, 0.10346, 0.12406, 0.08634, 0.20422, 0.08694, 0.90851, 0.79014, 0.83752, 0.79424, 0.75705, 0.80042, 0.68664, 0.8056, 0.54309, 0.82214, 0.42612, 0.80682, 0.34236, 0.77605, 0.26398, 0.70392, 0.21902, 0.53227, 0.14648, 0.41226, 0.10067, 0.247, 0.25184, 0.1776, 0.30015, 0.29023, 0.31465, 0.44543, 0.36478, 0.57002, 0.45885, 0.60588, 0.51072, 0.69091, 0.60829, 0.70212, 0.70611, 0.69905, 0.76976, 0.70609, 0.84161, 0.70483, 0.89671, 0.68523 ],
					"triangles": [ 18, 38, 37, 18, 19, 38, 18, 37, 17, 17, 37, 16, 16, 37, 15, 38, 57, 37, 38, 56, 57, 57, 58, 37, 37, 58, 15, 15, 58, 14, 58, 10, 11, 58, 57, 10, 57, 9, 10, 58, 13, 14, 58, 12, 13, 58, 11, 12, 19, 20, 39, 20, 21, 39, 21, 40, 39, 19, 39, 38, 39, 56, 38, 39, 55, 56, 55, 8, 56, 56, 9, 57, 56, 8, 9, 22, 40, 21, 22, 41, 40, 41, 54, 40, 40, 55, 39, 40, 54, 55, 54, 7, 55, 55, 7, 8, 41, 53, 54, 53, 6, 54, 54, 6, 7, 53, 5, 6, 23, 41, 22, 24, 42, 23, 23, 42, 41, 24, 43, 42, 42, 53, 41, 42, 52, 53, 42, 43, 52, 25, 43, 24, 43, 25, 44, 25, 26, 44, 43, 51, 52, 43, 44, 51, 51, 44, 45, 53, 52, 5, 52, 4, 5, 52, 51, 4, 51, 3, 4, 26, 27, 44, 27, 28, 44, 28, 45, 44, 51, 45, 50, 51, 50, 3, 50, 45, 49, 50, 49, 3, 49, 2, 3, 28, 46, 45, 28, 29, 46, 29, 30, 46, 45, 46, 49, 30, 47, 46, 30, 31, 47, 46, 48, 49, 46, 47, 48, 49, 1, 2, 49, 48, 1, 31, 32, 47, 47, 36, 48, 47, 35, 36, 47, 34, 35, 47, 32, 34, 34, 32, 33, 48, 0, 1, 48, 36, 0 ],
					"vertices": [ 2, 41, -0.22, 5.89, 0.93346, 46, -4.59, 5.89, 0.06654, 2, 41, 1.83, 5.89, 0.82641, 46, -2.53, 5.89, 0.17359, 3, 41, 4.75, 5.67, 0.52325, 46, 0.39, 5.67, 0.46072, 47, -3.98, 5.67, 0.01603, 4, 41, 7.59, 3.94, 0.08771, 46, 3.23, 3.94, 0.58444, 47, -1.14, 3.94, 0.31794, 42, -5.04, 9.32, 0.00991, 4, 46, 6.49, 5.19, 0.10011, 47, 2.12, 5.19, 0.75435, 48, -2.24, 5.19, 0.02981, 42, -1.74, 8.17, 0.11574, 5, 46, 9.28, 5, 0.00656, 47, 4.92, 5, 0.48061, 48, 0.56, 5, 0.13144, 42, 0.26, 6.21, 0.36966, 43, -3.89, 6.21, 0.01172, 4, 47, 7.26, 5.17, 0.14559, 48, 2.9, 5.17, 0.06933, 42, 2.16, 4.83, 0.66953, 43, -1.99, 4.83, 0.11555, 4, 47, 10.52, 6.86, 0.00602, 42, 5.74, 4.02, 0.27272, 43, 1.59, 4.02, 0.63755, 44, -2.57, 4.02, 0.08371, 4, 42, 8.26, 4.02, 0.02916, 43, 4.11, 4.02, 0.47208, 44, -0.05, 4.02, 0.49225, 45, -4.2, 4.02, 0.00652, 3, 43, 6.52, 4.01, 0.10115, 44, 2.36, 4.01, 0.74153, 45, -1.79, 4.01, 0.15732, 3, 43, 9.04, 4.01, 0.00209, 44, 4.88, 4.01, 0.35069, 45, 0.73, 4.01, 0.64722, 2, 44, 6.56, 4, 0.09908, 45, 2.41, 4, 0.90092, 2, 44, 8.56, 4, 0.00675, 45, 4.41, 4, 0.99325, 2, 44, 8.9, 3.28, 0.00181, 45, 4.75, 3.28, 0.99819, 2, 44, 9.05, 2.98, 5.1E-4, 45, 4.9, 2.98, 0.99949, 1, 45, 4.9, 0.06, 1, 1, 45, 4.89, -1.84, 1, 1, 45, 4.85, -1.87, 1, 1, 45, 3.59, -2.08, 1, 2, 44, 4.35, -2.64, 0.49741, 45, 0.2, -2.64, 0.50259, 3, 43, 4.81, -3.26, 0.30798, 44, 0.66, -3.26, 0.69191, 45, -3.5, -3.26, 1.1E-4, 2, 43, 4.2, -3.03, 0.45892, 44, 0.05, -3.03, 0.54108, 4, 48, 10.93, 1.66, 0.00621, 42, 6.02, -3.03, 0.07048, 43, 1.87, -3.03, 0.8619, 44, -2.29, -3.03, 0.06142, 3, 47, 9.99, -2.82, 0.00395, 48, 5.63, -2.82, 0.96977, 42, -0.92, -3.03, 0.02628, 4, 41, 14.29, -6.58, 2.8E-4, 46, 9.92, -6.58, 0.07651, 47, 5.56, -6.58, 0.33998, 48, 1.19, -6.58, 0.58323, 4, 41, 11.56, -7.23, 0.01798, 46, 7.2, -7.23, 0.2252, 47, 2.84, -7.23, 0.45292, 48, -1.53, -7.23, 0.3039, 4, 41, 9.92, -7.62, 0.05833, 46, 5.56, -7.62, 0.35274, 47, 1.19, -7.62, 0.42008, 48, -3.17, -7.62, 0.16885, 4, 41, 7.92, -8.15, 0.14216, 46, 3.56, -8.15, 0.46032, 47, -0.8, -8.15, 0.32083, 48, -5.17, -8.15, 0.07669, 4, 41, 3.02, -7.29, 0.60768, 46, -1.35, -7.29, 0.32924, 47, -5.71, -7.29, 0.06099, 48, -10.07, -7.29, 0.00209, 3, 41, -1.01, -6.58, 0.92565, 46, -5.38, -6.58, 0.07233, 47, -9.74, -6.58, 0.00203, 3, 41, -1.83, -6.01, 0.95358, 46, -6.2, -6.01, 0.04601, 47, -10.56, -6.01, 4.1E-4, 2, 41, -4.81, -3.28, 0.99987, 46, -9.17, -3.28, 1.3E-4, 1, 41, -6.12, -0.95, 1, 1, 41, -6.97, -3.02, 1, 1, 41, -5.21, 1.33, 1, 1, 41, -4.85, 2.16, 1, 2, 41, -2.39, 4.22, 0.99203, 46, -6.76, 4.22, 0.00797, 1, 45, 3.22, -0.19, 1, 2, 44, 4.54, -0.28, 0.09017, 45, 0.39, -0.28, 0.90983, 2, 43, 5.48, -0.42, 0.00373, 44, 1.32, -0.42, 0.99627, 2, 43, 2.66, -0.54, 0.99382, 44, -1.49, -0.54, 0.00618, 2, 48, 5.79, 0.07, 0.40154, 42, 1.07, -0.92, 0.59846, 3, 46, 10.72, -2.68, 0.00722, 47, 6.35, -2.68, 0.11751, 48, 1.99, -2.68, 0.87527, 4, 41, 12.06, -4.31, 0.00281, 46, 7.7, -4.31, 0.12018, 47, 3.34, -4.31, 0.5029, 48, -1.03, -4.31, 0.37411, 4, 41, 8.6, -5.07, 0.07643, 46, 4.24, -5.07, 0.44433, 47, -0.13, -5.07, 0.39065, 48, -4.49, -5.07, 0.08858, 4, 41, 4.68, -3.22, 0.43494, 46, 0.31, -3.22, 0.51773, 47, -4.05, -3.22, 0.04575, 48, -8.41, -3.22, 0.00158, 3, 41, 0.68, -2.98, 0.94623, 46, -3.69, -2.98, 0.05251, 47, -8.05, -2.98, 0.00126, 1, 41, -3.18, -1.27, 1, 2, 41, 0.41, 3.86, 0.93941, 46, -3.96, 3.86, 0.06059, 3, 41, 3.56, 3.13, 0.66397, 46, -0.81, 3.13, 0.33325, 47, -5.17, 3.13, 0.00277, 3, 41, 6.3, 0.78, 0.01795, 46, 1.94, 0.78, 0.9732, 47, -2.42, 0.78, 0.00885, 2, 47, 0.96, -0.11, 0.99963, 48, -3.4, -0.11, 3.7E-4, 5, 46, 8.73, 1.69, 6.3E-4, 47, 4.36, 1.69, 0.57818, 48, 0, 1.69, 0.30168, 42, -2.3, 4.05, 0.11938, 43, -6.45, 4.05, 1.3E-4, 4, 47, 7.21, 1.54, 0.05085, 48, 2.85, 1.54, 0.375, 42, -0.22, 2.1, 0.57032, 43, -4.38, 2.1, 0.00383, 4, 47, 10.36, 3.87, 0.01108, 42, 3.68, 1.84, 0.67481, 43, -0.47, 1.84, 0.31377, 44, -4.63, 1.84, 3.4E-4, 3, 42, 7.59, 1.91, 0.02473, 43, 3.44, 1.91, 0.6848, 44, -0.72, 1.91, 0.29047, 3, 43, 5.99, 1.75, 0.07472, 44, 1.83, 1.75, 0.89243, 45, -2.32, 1.75, 0.03285, 2, 44, 4.7, 1.78, 0.31167, 45, 0.55, 1.78, 0.68833, 2, 44, 6.91, 2.23, 0.03523, 45, 2.75, 2.23, 0.96477 ],
					"hull": 37,
					"edges": [ 0, 72, 24, 26, 26, 28, 32, 34, 40, 42, 52, 54, 58, 60, 64, 66, 66, 68, 68, 70, 70, 72, 60, 62, 62, 64, 0, 2, 2, 4, 54, 56, 56, 58, 4, 6, 6, 8, 48, 50, 50, 52, 8, 10, 10, 12, 12, 14, 46, 48, 42, 44, 44, 46, 14, 16, 16, 18, 38, 40, 18, 20, 34, 36, 36, 38, 20, 22, 22, 24, 28, 30, 30, 32, 74, 36, 30, 74, 76, 38, 74, 76, 78, 40, 80, 44, 78, 80, 82, 46, 80, 82, 84, 48, 82, 84, 86, 50, 84, 86, 88, 54, 86, 88, 90, 56, 88, 90, 92, 58, 90, 92, 94, 62, 92, 94, 94, 68, 2, 96, 96, 94, 72, 96, 4, 98, 98, 92, 96, 98, 6, 100, 100, 90, 98, 100, 8, 102, 102, 88, 100, 102, 10, 104, 104, 86, 102, 104, 12, 106, 106, 84, 104, 106, 14, 108, 108, 82, 106, 108, 16, 110, 110, 80, 108, 110, 18, 112, 112, 78, 110, 112, 20, 114, 114, 76, 112, 114, 22, 116, 116, 74, 114, 116 ],
					"width": 40,
					"height": 23
				}
			},
			"zebra-foot2": {
				"zebra-foot2": { "path": "zebra-foot", "x": 3.17, "y": -0.19, "rotation": 10.81, "width": 19, "height": 11 }
			}
		}
	},
	{
		"name": "flash-0",
		"attachments": {
			"flash": {
				"flash": { "name": "flash-00", "x": 89.96, "y": 7.72, "width": 48, "height": 20 }
			}
		}
	},
	{
		"name": "flash-1",
		"attachments": {
			"flash": {
				"flash": { "name": "flash-01", "x": 93.95, "y": 6.85, "rotation": -0.47, "width": 48, "height": 19 }
			}
		}
	},
	{
		"name": "flash-2",
		"attachments": {
			"flash": {
				"flash": { "name": "flash-02", "x": 94.92, "y": 9.91, "rotation": -0.47, "width": 49, "height": 34 }
			}
		}
	},
	{
		"name": "flash-3",
		"attachments": {
			"flash": {
				"flash": { "name": "flash-03", "x": 92.7, "y": 9.48, "rotation": -0.47, "width": 43, "height": 22 }
			}
		}
	},
	{
		"name": "flash-4",
		"attachments": {
			"flash": {
				"flash": { "name": "flash-04", "x": 94.47, "y": 8.58, "rotation": -0.47, "width": 49, "height": 22 }
			}
		}
	}
],
"events": {
	"jump": {},
	"jump-sound": { "audio": "jump.mp3" },
	"land": { "audio": "land.mp3" },
	"rifle": { "audio": "rifle.mp3" },
	"shoot": {}
},
"animations": {
	"die": {
		"slots": {
			"leg-back": {
				"twoColor": [
					{ "light": "ffffffff", "dark": "000000" },
					{ "time": 0.1, "light": "ffffffff", "dark": "fffdfd" },
					{ "time": 0.2333, "light": "ffffffff", "dark": "000000" }
				]
			},
			"zebra-foot": {
				"twoColor": [
					{ "light": "ffffffff", "dark": "000000" },
					{ "time": 0.1, "light": "ffffffff", "dark": "fffdfd" },
					{ "time": 0.2333, "light": "ffffffff", "dark": "000000" }
				]
			},
			"leg-front-path": {
				"twoColor": [
					{ "light": "ffffffff", "dark": "000000" },
					{ "time": 0.1, "light": "ffffffff", "dark": "fffdfd" },
					{ "time": 0.2333, "light": "ffffffff", "dark": "000000" }
				]
			},
			"arm-back-path": {
				"twoColor": [
					{ "light": "ffffffff", "dark": "000000" },
					{ "time": 0.1, "light": "ffffffff", "dark": "fffdfd" },
					{ "time": 0.2333, "light": "ffffffff", "dark": "000000" }
				]
			},
			"zebra-arm": {
				"twoColor": [
					{ "light": "ffffffff", "dark": "000000" },
					{ "time": 0.1, "light": "ffffffff", "dark": "fffdfd" },
					{ "time": 0.2333, "light": "ffffffff", "dark": "000000" }
				]
			},
			"zebra-foot2": {
				"twoColor": [
					{ "light": "ffffffff", "dark": "000000" },
					{ "time": 0.1, "light": "ffffffff", "dark": "fffdfd" },
					{ "time": 0.2333, "light": "ffffffff", "dark": "000000" }
				]
			},
			"zebra-body": {
				"twoColor": [
					{ "light": "ffffffff", "dark": "000000" },
					{ "time": 0.1, "light": "ffffffff", "dark": "fffdfd" },
					{ "time": 0.2333, "light": "ffffffff", "dark": "000000" }
				]
			},
			"zebra-arm2": {
				"twoColor": [
					{ "light": "ffffffff", "dark": "000000" },
					{ "time": 0.1, "light": "ffffffff", "dark": "fffdfd" },
					{ "time": 0.2333, "light": "ffffffff", "dark": "000000" }
				]
			},
			"arm-back": {
				"twoColor": [
					{ "light": "ffffffff", "dark": "000000" },
					{ "time": 0.1, "light": "ffffffff", "dark": "fffdfd" },
					{ "time": 0.2333, "light": "ffffffff", "dark": "000000" }
				]
			},
			"zebra-leg": {
				"twoColor": [
					{ "light": "ffffffff", "dark": "000000" },
					{ "time": 0.1, "light": "ffffffff", "dark": "fffdfd" },
					{ "time": 0.2333, "light": "ffffffff", "dark": "000000" }
				]
			},
			"leg-back-path": {
				"twoColor": [
					{ "light": "ffffffff", "dark": "000000" },
					{ "time": 0.1, "light": "ffffffff", "dark": "fffdfd" },
					{ "time": 0.2333, "light": "ffffffff", "dark": "000000" }
				]
			},
			"arm-front": {
				"twoColor": [
					{ "light": "ffffffff", "dark": "000000" },
					{ "time": 0.1, "light": "ffffffff", "dark": "fffdfd" },
					{ "time": 0.2333, "light": "ffffffff", "dark": "000000" }
				]
			},
			"zebra-head": {
				"twoColor": [
					{ "light": "ffffffff", "dark": "000000" },
					{ "time": 0.1, "light": "ffffffff", "dark": "fffdfd" },
					{ "time": 0.2333, "light": "ffffffff", "dark": "000000" }
				]
			},
			"megamorphic-gun2": {
				"twoColor": [
					{ "light": "ffffffff", "dark": "000000" },
					{ "time": 0.1, "light": "ffffffff", "dark": "fffdfd" },
					{ "time": 0.2333, "light": "ffffffff", "dark": "000000" }
				]
			}
		},
		"bones": {
			"hip": {
				"rotate": [
					{},
					{ "time": 0.2333, "angle": 99.03 }
				],
				"translate": [
					{},
					{ "time": 0.2333, "y": -39 }
				]
			},
			"arm-back-ik": {
				"translate": [
					{},
					{ "time": 0.2333, "x": -45.54, "y": -49.72 }
				]
			},
			"arm-front-ik": {
				"translate": [
					{},
					{ "time": 0.2333, "x": -32.33, "y": -39.89 }
				]
			},
			"leg-back-ik": {
				"translate": [
					{},
					{ "time": 0.2333, "x": -18.7, "y": -5.4 },
					{ "time": 0.4667, "x": -18.78, "y": -5.93 }
				]
			}
		}
	},
	"jump": {
		"bones": {
			"hip": {
				"translate": [
					{},
					{ "time": 0.0667, "y": -11.93 },
					{ "time": 0.2667, "y": 0.39 }
				]
			},
			"leg-front-ik": {
				"translate": [
					{},
					{ "time": 0.0667, "x": 5.64, "y": 11.23 },
					{ "time": 0.2667, "x": 5.76, "y": 1.22 }
				]
			},
			"leg-back-ik": {
				"translate": [
					{},
					{ "time": 0.0667, "x": 8.99, "y": 20.51 },
					{ "time": 0.2667, "x": -6.78, "y": -12.79 }
				]
			},
			"zebra-foot2": {
				"rotate": [
					{},
					{ "time": 0.0667, "angle": 40.1 },
					{ "time": 0.2667, "angle": -20.3 }
				]
			},
			"zebra-foot": {
				"rotate": [
					{},
					{ "time": 0.0667, "angle": 32.33 },
					{ "time": 0.2667, "angle": -20.89 }
				]
			},
			"zebra-body": {
				"rotate": [
					{},
					{ "time": 0.0667, "angle": -20.33 },
					{ "time": 0.2667, "angle": 10 }
				]
			}
		},
		"events": [
			{ "name": "jump-sound" },
			{ "time": 0.0667, "name": "jump" }
		]
	},
	"land": {
		"bones": {
			"hip": {
				"translate": [
					{ "y": 0.39 },
					{ "time": 0.1333, "y": -11.93 },
					{ "time": 0.2667 }
				]
			},
			"leg-front-ik": {
				"translate": [
					{ "x": 5.76, "y": 1.22 },
					{ "time": 0.1333, "x": 5.64, "y": 11.23 },
					{ "time": 0.2667 }
				]
			},
			"leg-back-ik": {
				"translate": [
					{ "x": -6.78, "y": -12.79 },
					{ "time": 0.1333, "x": 8.99, "y": 20.51 },
					{ "time": 0.2667 }
				]
			}
		},
		"events": [
			{ "name": "land" }
		]
	},
	"reload": {
		"bones": {
			"arm-front-ik": {
				"translate": [
					{},
					{ "time": 0.2333, "x": -15.13, "y": 7.87 },
					{ "time": 0.6667 }
				]
			},
			"arm-back-ik": {
				"translate": [
					{},
					{ "time": 0.2333, "x": -27.14, "y": -20.73 },
					{ "time": 0.4333, "x": -15.66, "y": 6.79 },
					{ "time": 0.6667 }
				]
			}
		}
	},
	"run": {
		"bones": {
			"leg-front-ik": {
				"translate": [
					{ "x": -7.18, "y": 17.85 },
					{ "time": 0.0333, "x": -2.02, "y": 17.85 },
					{ "time": 0.0667, "x": 2.21, "y": 21.34 },
					{ "time": 0.1333, "x": 10.49, "y": 17.11 },
					{ "time": 0.1667, "x": 16.56, "y": 12.88 },
					{ "time": 0.2, "x": 18.95, "y": 7.73 },
					{ "time": 0.2333, "x": 15.09, "y": 5.52 },
					{ "time": 0.2667, "x": 12.14, "y": -1.1 },
					{ "time": 0.3, "x": 5.15, "y": -0.37 },
					{ "time": 0.3667, "x": 1.29, "y": 0.18 },
					{ "time": 0.4, "x": -9.57, "y": 3.31 },
					{ "time": 0.4333, "x": -7.18, "y": 17.85 }
				]
			},
			"leg-back-ik": {
				"translate": [
					{ "x": 13.06, "y": 21.71 },
					{ "time": 0.0333, "x": 9.94, "y": 2.21 },
					{ "time": 0.0667, "x": 1.66, "y": 1.1 },
					{ "time": 0.1333, "x": -4.05, "y": -2.02 },
					{ "time": 0.1667, "x": -15.27, "y": -2.58 },
					{ "time": 0.2, "x": -21.71, "y": 1.84 },
					{ "time": 0.2333, "x": -22.08, "y": 14.17 },
					{ "time": 0.2667, "x": -13.06, "y": 17.66 },
					{ "time": 0.3, "x": -5.34, "y": 19.14 },
					{ "time": 0.3667, "x": 0.42, "y": 18.58 },
					{ "time": 0.4, "x": 8.52, "y": 21.16 },
					{ "time": 0.4333, "x": 13.06, "y": 21.71 }
				]
			},
			"hip": {
				"translate": [
					{ "y": 0.48 },
					{ "time": 0.0333, "y": -6.5 },
					{ "time": 0.1333, "y": -0.46 },
					{ "time": 0.2, "y": 3.4 },
					{ "time": 0.2667, "y": -4.36 },
					{ "time": 0.3667, "y": 2.9 },
					{ "time": 0.4333, "y": 0.48 }
				]
			},
			"arm-back-ik": {
				"translate": [
					{ "x": -32.11, "y": -2.68 },
					{ "time": 0.0333, "x": -27.81, "y": -6.24 },
					{ "time": 0.0667, "x": -19.61, "y": -5.65 },
					{ "time": 0.1333, "x": -10.38, "y": -9.8 },
					{ "time": 0.1667, "x": -4.95, "y": 2.56 },
					{ "time": 0.2, "x": -4, "y": 2.1 },
					{ "time": 0.2333, "x": -17.52, "y": 0.64 },
					{ "time": 0.2667, "x": -15.41, "y": -0.35 },
					{ "time": 0.3, "x": -21.67, "y": -11.91 },
					{ "time": 0.3667, "x": -31.55, "y": -8.74 },
					{ "time": 0.4, "x": -36.68, "y": -5.2 },
					{ "time": 0.4333, "x": -32.11, "y": -2.68 }
				]
			},
			"zebra-head": {
				"rotate": [
					{},
					{ "time": 0.0667, "angle": -5.58 },
					{ "time": 0.2, "angle": 6.1 },
					{ "time": 0.2667, "angle": -2.32 },
					{ "time": 0.3667, "angle": 9.57 },
					{ "time": 0.4333 }
				]
			}
		}
	},
	"run-backward": {
		"bones": {
			"leg-front-ik": {
				"translate": [
					{ "x": -7.18, "y": 17.85 },
					{ "time": 0.0333, "x": -9.57, "y": 3.31 },
					{ "time": 0.0667, "x": 1.29, "y": 0.18 },
					{ "time": 0.1333, "x": 5.15, "y": -0.37 },
					{ "time": 0.1667, "x": 12.14, "y": -1.1 },
					{ "time": 0.2, "x": 15.09, "y": 5.52 },
					{ "time": 0.2333, "x": 18.95, "y": 7.73 },
					{ "time": 0.2667, "x": 16.56, "y": 12.88 },
					{ "time": 0.3, "x": 10.49, "y": 17.11 },
					{ "time": 0.3667, "x": 2.21, "y": 21.34 },
					{ "time": 0.4, "x": -2.02, "y": 17.85 },
					{ "time": 0.4333, "x": -7.18, "y": 17.85 }
				]
			},
			"leg-back-ik": {
				"translate": [
					{ "x": 13.06, "y": 21.71 },
					{ "time": 0.0333, "x": 8.52, "y": 21.16 },
					{ "time": 0.0667, "x": 0.42, "y": 18.58 },
					{ "time": 0.1333, "x": -5.34, "y": 19.14 },
					{ "time": 0.1667, "x": -13.06, "y": 17.66 },
					{ "time": 0.2, "x": -22.08, "y": 14.17 },
					{ "time": 0.2333, "x": -21.71, "y": 1.84 },
					{ "time": 0.2667, "x": -15.27, "y": -2.58 },
					{ "time": 0.3, "x": -4.05, "y": -2.02 },
					{ "time": 0.3667, "x": 1.66, "y": 1.1 },
					{ "time": 0.4, "x": 9.94, "y": 2.21 },
					{ "time": 0.4333, "x": 13.06, "y": 21.71 }
				]
			},
			"hip": {
				"translate": [
					{ "y": 0.48 },
					{ "time": 0.0667, "y": 2.9 },
					{ "time": 0.1667, "y": -4.36 },
					{ "time": 0.2333, "y": 3.4 },
					{ "time": 0.3, "y": -0.46 },
					{ "time": 0.4, "y": -6.5 },
					{ "time": 0.4333, "y": 0.48 }
				]
			},
			"arm-back-ik": {
				"translate": [
					{ "x": -32.11, "y": -2.68 },
					{ "time": 0.0333, "x": -36.68, "y": -5.2 },
					{ "time": 0.0667, "x": -31.55, "y": -8.74 },
					{ "time": 0.1333, "x": -21.67, "y": -11.91 },
					{ "time": 0.1667, "x": -15.41, "y": -0.35 },
					{ "time": 0.2, "x": -17.52, "y": 0.64 },
					{ "time": 0.2333, "x": -4, "y": 2.1 },
					{ "time": 0.2667, "x": -4.95, "y": 2.56 },
					{ "time": 0.3, "x": -10.38, "y": -9.8 },
					{ "time": 0.3667, "x": -19.61, "y": -5.65 },
					{ "time": 0.4, "x": -27.81, "y": -6.24 },
					{ "time": 0.4333, "x": -32.11, "y": -2.68 }
				]
			},
			"zebra-head": {
				"rotate": [
					{},
					{ "time": 0.0667, "angle": 9.57 },
					{ "time": 0.1667, "angle": -2.32 },
					{ "time": 0.2333, "angle": 6.1 },
					{ "time": 0.3667, "angle": -5.58 },
					{ "time": 0.4333 }
				]
			}
		}
	},
	"shoot": {
		"slots": {
			"flash": {
				"color": [
					{ "color": "ffffffff" },
					{ "time": 0.0333, "color": "ffffff00" }
				],
				"attachment": [
					{ "name": "flash" },
					{ "time": 0.0667, "name": null }
				]
			}
		},
		"events": [
			{ "name": "rifle" },
			{ "name": "shoot" }
		]
	},
	"stand": {}
}
}