{
"skeleton": {
	"hash": "r/vnF23pJ7escEN1doKyPXRxdaY",
	"spine": "3.8.61",
	"x": 27.55,
	"y": 74.47,
	"width": 404.76,
	"height": 86.97,
	"images": "../output/",
	"audio": "../output/"
},
"bones": [
	{ "name": "root", "x": 196.08, "y": 127.45 },
	{ "name": "blood-0", "parent": "root", "length": 21.13, "rotation": 1.76, "x": -143.86, "y": 0.75 },
	{ "name": "blood-1", "parent": "root", "length": 21.13, "rotation": 1.76, "x": -119.16, "y": -11.93 },
	{ "name": "blood-2", "parent": "root", "length": 21.13, "rotation": 1.76, "x": -85.68, "y": -8.68 },
	{ "name": "blood-3", "parent": "root", "length": 21.13, "rotation": 1.76, "x": -50.26, "y": -12.58 },
	{ "name": "blood-4", "parent": "root", "length": 21.13, "rotation": 1.76, "x": -18.41, "y": 4 },
	{ "name": "blood-5", "parent": "root", "length": 21.13, "rotation": 1.76, "x": 23.19, "y": 14.4 },
	{ "name": "blood-6", "parent": "root", "length": 21.13, "rotation": 1.76, "x": 34.89, "y": 0.75 },
	{ "name": "blood-7", "parent": "root", "length": 21.13, "rotation": 1.76, "x": 59.92, "y": 6.6 },
	{ "name": "blood-8", "parent": "root", "length": 21.13, "rotation": 1.76, "x": 100.87, "y": 6.6 },
	{ "name": "blood-9", "parent": "root", "length": 21.13, "rotation": 1.76, "x": 125.89, "y": -6.08 },
	{ "name": "blood-10", "parent": "root", "length": 21.13, "rotation": 1.76, "x": 125.89, "y": 12.77 },
	{ "name": "blood-11", "parent": "root", "length": 21.13, "rotation": 1.76, "x": 100.87, "y": -6.73 },
	{ "name": "libgdx-l", "parent": "root", "length": 28.43, "x": -147.29, "y": -1.47 },
	{ "name": "libgdx-i", "parent": "root", "length": 27.19, "x": -121.95, "y": -0.85 },
	{ "name": "libgdx-b", "parent": "root", "length": 40.79, "x": -94.14, "y": -2.09 },
	{ "name": "libgdx-g", "parent": "root", "length": 53.77, "x": -36.05, "y": 0.38 },
	{ "name": "libgdx-d", "parent": "root", "length": 40.17, "x": 37.5, "y": 1 },
	{ "name": "libgdx-x", "parent": "root", "length": 48.84, "rotation": 1.45, "x": 107.33, "y": -1.47 },
	{ "name": "spark-0", "parent": "root", "length": 32.52, "rotation": 1.33, "x": 208.96, "y": -3.06 }
],
"slots": [
	{ "name": "libgdx-reference", "bone": "root" },
	{ "name": "blood-0", "bone": "blood-0", "attachment": "blood-0" },
	{ "name": "blood-1", "bone": "blood-1", "attachment": "blood-0" },
	{ "name": "blood-2", "bone": "blood-2", "attachment": "blood-0" },
	{ "name": "blood-3", "bone": "blood-3", "attachment": "blood-0" },
	{ "name": "blood-4", "bone": "blood-4", "attachment": "blood-0" },
	{ "name": "blood-5", "bone": "blood-5", "attachment": "blood-0" },
	{ "name": "blood-6", "bone": "blood-6", "attachment": "blood-0" },
	{ "name": "blood-7", "bone": "blood-7", "attachment": "blood-0" },
	{ "name": "blood-8", "bone": "blood-8", "attachment": "blood-0" },
	{ "name": "blood-9", "bone": "blood-9", "attachment": "blood-0" },
	{ "name": "blood-10", "bone": "blood-10", "attachment": "blood-0" },
	{ "name": "blood-11", "bone": "blood-11", "attachment": "blood-0" },
	{ "name": "libgdx-l", "bone": "libgdx-l", "attachment": "libgdx-l" },
	{ "name": "libgdx-i", "bone": "libgdx-i", "attachment": "libgdx-i" },
	{ "name": "libgdx-b", "bone": "libgdx-b", "attachment": "libgdx-b" },
	{ "name": "libgdx-g", "bone": "libgdx-g", "attachment": "libgdx-g" },
	{ "name": "libgdx-d", "bone": "libgdx-d", "attachment": "libgdx-d" },
	{ "name": "libgdx-x", "bone": "libgdx-x", "attachment": "libgdx-x" },
	{ "name": "mouth", "bone": "libgdx-x", "attachment": "mouth-a" },
	{ "name": "spark-0", "bone": "spark-0", "attachment": "spark-0" }
],
"skins": [
	{
		"name": "default",
		"attachments": {
			"spark-0": {
				"spark-0": { "x": 2.34, "y": 2.97, "rotation": -1.33, "width": 50, "height": 50 },
				"spark-1": { "x": 2.34, "y": 2.97, "rotation": -1.33, "width": 50, "height": 50 },
				"spark-2": { "x": 2.34, "y": 2.97, "rotation": -1.33, "width": 50, "height": 50 },
				"spark-3": { "x": 2.34, "y": 2.97, "rotation": -1.33, "width": 50, "height": 50 }
			},
			"libgdx-x": {
				"libgdx-x": { "x": 4.77, "y": 0.8, "rotation": -1.45, "width": 81, "height": 60 },
				"libgdx-x-blood": { "x": 4.77, "y": 0.8, "rotation": -1.45, "width": 81, "height": 60 }
			},
			"mouth": {
				"mouth-a": { "x": 5.65, "y": 1.57, "rotation": -1.45, "width": 30, "height": 18 },
				"mouth-b": { "x": 5.65, "y": 1.57, "rotation": -1.45, "width": 37, "height": 18 },
				"mouth-c": { "x": 5.65, "y": 1.57, "rotation": -1.45, "width": 33, "height": 22 },
				"mouth-d": { "x": 5.65, "y": 1.57, "rotation": -1.45, "width": 32, "height": 22 },
				"mouth-e": { "x": 5.65, "y": 1.57, "rotation": -1.45, "width": 28, "height": 20 },
				"mouth-f": { "x": 5.65, "y": 1.57, "rotation": -1.45, "width": 31, "height": 16 },
				"mouth-g": { "x": 5.65, "y": 1.57, "rotation": -1.45, "width": 39, "height": 13 }
			},
			"blood-10": {
				"blood-0": { "y": -10.41, "rotation": -1.76, "width": 50, "height": 60 },
				"blood-1": { "y": -10.41, "rotation": -1.76, "width": 50, "height": 60 },
				"blood-2": { "y": -10.41, "rotation": -1.76, "width": 50, "height": 60 },
				"blood-3": { "y": -10.41, "rotation": -1.76, "width": 50, "height": 60 }
			},
			"blood-11": {
				"blood-0": { "y": -10.41, "rotation": -1.76, "width": 50, "height": 60 },
				"blood-1": { "y": -10.41, "rotation": -1.76, "width": 50, "height": 60 },
				"blood-2": { "y": -10.41, "rotation": -1.76, "width": 50, "height": 60 },
				"blood-3": { "y": -10.41, "rotation": -1.76, "width": 50, "height": 60 }
			},
			"blood-0": {
				"blood-0": { "y": -10.41, "rotation": -1.76, "width": 50, "height": 60 },
				"blood-1": { "y": -10.41, "rotation": -1.76, "width": 50, "height": 60 },
				"blood-2": { "y": -10.41, "rotation": -1.76, "width": 50, "height": 60 },
				"blood-3": { "y": -10.41, "rotation": -1.76, "width": 50, "height": 60 }
			},
			"blood-1": {
				"blood-0": { "y": -10.41, "rotation": -1.76, "width": 50, "height": 60 },
				"blood-1": { "y": -10.41, "rotation": -1.76, "width": 50, "height": 60 },
				"blood-2": { "y": -10.41, "rotation": -1.76, "width": 50, "height": 60 },
				"blood-3": { "y": -10.41, "rotation": -1.76, "width": 50, "height": 60 }
			},
			"blood-2": {
				"blood-0": { "y": -10.41, "rotation": -1.76, "width": 50, "height": 60 },
				"blood-1": { "y": -10.41, "rotation": -1.76, "width": 50, "height": 60 },
				"blood-2": { "y": -10.41, "rotation": -1.76, "width": 50, "height": 60 },
				"blood-3": { "y": -10.41, "rotation": -1.76, "width": 50, "height": 60 }
			},
			"blood-3": {
				"blood-0": { "y": -10.41, "rotation": -1.76, "width": 50, "height": 60 },
				"blood-1": { "y": -10.41, "rotation": -1.76, "width": 50, "height": 60 },
				"blood-2": { "y": -10.41, "rotation": -1.76, "width": 50, "height": 60 },
				"blood-3": { "y": -10.41, "rotation": -1.76, "width": 50, "height": 60 }
			},
			"blood-4": {
				"blood-0": { "y": -10.41, "rotation": -1.76, "width": 50, "height": 60 },
				"blood-1": { "y": -10.41, "rotation": -1.76, "width": 50, "height": 60 },
				"blood-2": { "y": -10.41, "rotation": -1.76, "width": 50, "height": 60 },
				"blood-3": { "y": -10.41, "rotation": -1.76, "width": 50, "height": 60 }
			},
			"blood-5": {
				"blood-0": { "y": -10.41, "rotation": -1.76, "width": 50, "height": 60 },
				"blood-1": { "y": -10.41, "rotation": -1.76, "width": 50, "height": 60 },
				"blood-2": { "y": -10.41, "rotation": -1.76, "width": 50, "height": 60 },
				"blood-3": { "y": -10.41, "rotation": -1.76, "width": 50, "height": 60 }
			},
			"blood-6": {
				"blood-0": { "y": -10.41, "rotation": -1.76, "width": 50, "height": 60 },
				"blood-1": { "y": -10.41, "rotation": -1.76, "width": 50, "height": 60 },
				"blood-2": { "y": -10.41, "rotation": -1.76, "width": 50, "height": 60 },
				"blood-3": { "y": -10.41, "rotation": -1.76, "width": 50, "height": 60 }
			},
			"blood-7": {
				"blood-0": { "y": -10.41, "rotation": -1.76, "width": 50, "height": 60 },
				"blood-1": { "y": -10.41, "rotation": -1.76, "width": 50, "height": 60 },
				"blood-2": { "y": -10.41, "rotation": -1.76, "width": 50, "height": 60 },
				"blood-3": { "y": -10.41, "rotation": -1.76, "width": 50, "height": 60 }
			},
			"blood-8": {
				"blood-0": { "y": -10.41, "rotation": -1.76, "width": 50, "height": 60 },
				"blood-1": { "y": -10.41, "rotation": -1.76, "width": 50, "height": 60 },
				"blood-2": { "y": -10.41, "rotation": -1.76, "width": 50, "height": 60 },
				"blood-3": { "y": -10.41, "rotation": -1.76, "width": 50, "height": 60 }
			},
			"blood-9": {
				"blood-0": { "y": -10.41, "rotation": -1.76, "width": 50, "height": 60 },
				"blood-1": { "y": -10.41, "rotation": -1.76, "width": 50, "height": 60 },
				"blood-2": { "y": -10.41, "rotation": -1.76, "width": 50, "height": 60 },
				"blood-3": { "y": -10.41, "rotation": -1.76, "width": 50, "height": 60 }
			},
			"libgdx-b": {
				"libgdx-b": { "x": 10.24, "y": 1.86, "width": 51, "height": 60 },
				"libgdx-b-blood": { "x": 10.24, "y": 1.86, "width": 51, "height": 60 }
			},
			"libgdx-d": {
				"libgdx-d": { "x": 4.06, "y": -0.58, "width": 72, "height": 60 },
				"libgdx-d-blood": { "x": 4.06, "y": -0.58, "width": 72, "height": 60 }
			},
			"libgdx-g": {
				"libgdx-g": { "x": 8.38, "y": -0.94, "width": 72, "height": 60 },
				"libgdx-g-blood": { "x": 8.38, "y": -0.94, "width": 72, "height": 60 }
			},
			"libgdx-i": {
				"libgdx-i": { "x": 3.28, "y": 0.62, "width": 21, "height": 60 },
				"libgdx-i-blood": { "x": 3.28, "y": 0.62, "width": 21, "height": 60 }
			},
			"libgdx-l": {
				"libgdx-l": { "x": 4.54, "y": 1.12, "width": 20, "height": 60 },
				"libgdx-l-blood": { "x": 4.54, "y": 1.12, "width": 20, "height": 60 }
			}
		}
	}
],
"events": {
	"ahh": { "audio": "ahh.mp3" },
	"libgdx": { "audio": "libgdx.mp3" },
	"please don't kill me": { "audio": "please don't kill me.mp3" },
	"please don't kill me2": { "audio": "please don't kill me.ogg" },
	"shot": { "audio": "shot.mp3" }
},
"animations": {
	"animation": {
		"slots": {
			"blood-0": {
				"attachment": [
					{ "name": null },
					{ "time": 2.244, "name": "blood-0" },
					{ "time": 2.3214, "name": "blood-1" },
					{ "time": 2.3988, "name": "blood-2" },
					{ "time": 2.4568, "name": "blood-3" }
				]
			},
			"libgdx-l": {
				"color": [
					{ "color": "ffffff00" },
					{ "time": 0.4333, "color": "ffffffff", "curve": "stepped" },
					{ "time": 2.244, "color": "ffffffff" },
					{ "time": 2.3795, "color": "ffffff00" }
				],
				"attachment": [
					{ "time": 2.244, "name": "libgdx-l-blood" }
				]
			},
			"blood-4": {
				"attachment": [
					{ "name": null },
					{ "time": 2.5536, "name": "blood-0" },
					{ "time": 2.6309, "name": "blood-1" },
					{ "time": 2.7083, "name": "blood-2" },
					{ "time": 2.7857, "name": "blood-3" }
				]
			},
			"libgdx-b": {
				"color": [
					{ "color": "ffffff00", "curve": "stepped" },
					{ "time": 0.2333, "color": "ffffff00" },
					{ "time": 0.6667, "color": "ffffffff", "curve": "stepped" },
					{ "time": 2.3988, "color": "ffffffff" },
					{ "time": 2.5729, "color": "ffffff00" }
				],
				"attachment": [
					{ "time": 2.3988, "name": "libgdx-b-blood" }
				]
			},
			"blood-11": {
				"attachment": [
					{ "name": null },
					{ "time": 8.3333, "name": "blood-0" },
					{ "time": 8.4, "name": "blood-1" },
					{ "time": 8.4667, "name": "blood-2" },
					{ "time": 8.5333, "name": "blood-3" }
				]
			},
			"libgdx-x": {
				"color": [
					{ "color": "ffffff00", "curve": "stepped" },
					{ "time": 0.5667, "color": "ffffff00" },
					{ "time": 1, "color": "ffffffff", "curve": "stepped" },
					{ "time": 8.5667, "color": "ffffffff" },
					{ "time": 9, "color": "ffffff00" }
				],
				"attachment": [
					{ "time": 2.8631, "name": "libgdx-x-blood" }
				]
			},
			"blood-3": {
				"attachment": [
					{ "name": null },
					{ "time": 2.4762, "name": "blood-0" },
					{ "time": 2.5536, "name": "blood-1" },
					{ "time": 2.6309, "name": "blood-2" },
					{ "time": 2.7083, "name": "blood-3" }
				]
			},
			"blood-6": {
				"attachment": [
					{ "name": null },
					{ "time": 2.7083, "name": "blood-0" },
					{ "time": 2.7857, "name": "blood-1" },
					{ "time": 2.8631, "name": "blood-2" },
					{ "time": 2.9404, "name": "blood-3" }
				]
			},
			"mouth": {
				"color": [
					{ "time": 8.5667, "color": "ffffffff" },
					{ "time": 9, "color": "ffffff00" }
				],
				"attachment": [
					{ "name": null },
					{ "time": 4, "name": "mouth-a" },
					{ "time": 4.2, "name": "mouth-b" },
					{ "time": 4.6, "name": "mouth-a" },
					{ "time": 4.8, "name": "mouth-b" },
					{ "time": 4.8667, "name": "mouth-c" },
					{ "time": 5.2667, "name": "mouth-a" },
					{ "time": 5.3667, "name": "mouth-b" },
					{ "time": 5.7667, "name": "mouth-c" },
					{ "time": 5.8667, "name": "mouth-b" },
					{ "time": 5.9333, "name": "mouth-c" },
					{ "time": 6, "name": "mouth-b" },
					{ "time": 6.1333, "name": "mouth-c" },
					{ "time": 6.3667, "name": "mouth-b" },
					{ "time": 6.5667, "name": "mouth-c" },
					{ "time": 6.7667, "name": "mouth-a" },
					{ "time": 7.8333, "name": "mouth-d" },
					{ "time": 8.1333, "name": "mouth-a" },
					{ "time": 8.5, "name": "mouth-d" },
					{ "time": 8.9, "name": "mouth-a" }
				]
			},
			"blood-2": {
				"attachment": [
					{ "name": null },
					{ "time": 2.3988, "name": "blood-0" },
					{ "time": 2.4762, "name": "blood-1" },
					{ "time": 2.5536, "name": "blood-2" },
					{ "time": 2.6309, "name": "blood-3" }
				]
			},
			"blood-7": {
				"attachment": [
					{ "name": null },
					{ "time": 2.7857, "name": "blood-0" },
					{ "time": 2.8631, "name": "blood-1" },
					{ "time": 2.9404, "name": "blood-2" },
					{ "time": 3.0178, "name": "blood-3" }
				]
			},
			"blood-9": {
				"attachment": [
					{ "name": null },
					{ "time": 2.9404, "name": "blood-0" },
					{ "time": 3.0178, "name": "blood-1" },
					{ "time": 3.0952, "name": "blood-2" },
					{ "time": 3.1726, "name": "blood-3" }
				]
			},
			"blood-8": {
				"attachment": [
					{ "name": null },
					{ "time": 2.8631, "name": "blood-0" },
					{ "time": 2.9404, "name": "blood-1" },
					{ "time": 3.0178, "name": "blood-2" },
					{ "time": 3.0952, "name": "blood-3" }
				]
			},
			"libgdx-d": {
				"color": [
					{ "color": "ffffff00", "curve": "stepped" },
					{ "time": 0.4333, "color": "ffffff00" },
					{ "time": 0.9, "color": "ffffffff", "curve": "stepped" },
					{ "time": 2.7857, "color": "ffffffff" },
					{ "time": 2.9598, "color": "ffffff00" }
				],
				"attachment": [
					{ "time": 2.6309, "name": "libgdx-d-blood" }
				]
			},
			"blood-5": {
				"attachment": [
					{ "name": null },
					{ "time": 2.6309, "name": "blood-0" },
					{ "time": 2.7083, "name": "blood-1" },
					{ "time": 2.7857, "name": "blood-2" },
					{ "time": 2.8631, "name": "blood-3" }
				]
			},
			"blood-1": {
				"attachment": [
					{ "name": null },
					{ "time": 2.3214, "name": "blood-0" },
					{ "time": 2.3988, "name": "blood-1" },
					{ "time": 2.4762, "name": "blood-2" },
					{ "time": 2.5536, "name": "blood-3" }
				]
			},
			"spark-0": {
				"attachment": [
					{ "name": null },
					{ "time": 2.1667, "name": "spark-0" },
					{ "time": 2.186, "name": "spark-1" },
					{ "time": 2.2054, "name": "spark-2" },
					{ "time": 2.2247, "name": "spark-3" },
					{ "time": 2.244, "name": "spark-0" },
					{ "time": 2.2634, "name": "spark-1" },
					{ "time": 2.2827, "name": "spark-2" },
					{ "time": 2.3021, "name": "spark-3" },
					{ "time": 2.3214, "name": "spark-0" },
					{ "time": 2.3408, "name": "spark-1" },
					{ "time": 2.3601, "name": "spark-2" },
					{ "time": 2.3795, "name": "spark-3" },
					{ "time": 2.3988, "name": "spark-0" },
					{ "time": 2.4181, "name": "spark-1" },
					{ "time": 2.4375, "name": "spark-2" },
					{ "time": 2.4568, "name": "spark-3" },
					{ "time": 2.4762, "name": "spark-0" },
					{ "time": 2.4955, "name": "spark-1" },
					{ "time": 2.5149, "name": "spark-2" },
					{ "time": 2.5342, "name": "spark-3" },
					{ "time": 2.5536, "name": "spark-0" },
					{ "time": 2.5729, "name": "spark-1" },
					{ "time": 2.5922, "name": "spark-2" },
					{ "time": 2.6116, "name": "spark-3" },
					{ "time": 2.6309, "name": "spark-0" },
					{ "time": 2.6503, "name": "spark-1" },
					{ "time": 2.6696, "name": "spark-2" },
					{ "time": 2.689, "name": "spark-3" },
					{ "time": 2.7083, "name": "spark-0" },
					{ "time": 2.7277, "name": "spark-1" },
					{ "time": 2.747, "name": "spark-2" },
					{ "time": 2.7667, "name": "spark-3" },
					{ "time": 2.7857, "name": "spark-0" },
					{ "time": 2.805, "name": "spark-1" },
					{ "time": 2.8244, "name": "spark-2" },
					{ "time": 2.8437, "name": "spark-3" },
					{ "time": 2.8631, "name": "spark-0" },
					{ "time": 2.8824, "name": "spark-1" },
					{ "time": 2.9018, "name": "spark-2" },
					{ "time": 2.9211, "name": "spark-3" },
					{ "time": 2.9404, "name": "spark-0" },
					{ "time": 2.9598, "name": "spark-1" },
					{ "time": 2.9791, "name": "spark-2" },
					{ "time": 2.9985, "name": "spark-3" },
					{ "time": 3.0333, "name": null },
					{ "time": 7.6667, "name": "spark-0" },
					{ "time": 7.7, "name": "spark-1" },
					{ "time": 7.7333, "name": "spark-2" },
					{ "time": 7.7667, "name": "spark-3" },
					{ "time": 7.8, "name": null },
					{ "time": 8.3333, "name": "spark-0" },
					{ "time": 8.3667, "name": "spark-1" },
					{ "time": 8.4, "name": "spark-2" },
					{ "time": 8.4333, "name": "spark-3" },
					{ "time": 8.4667, "name": null }
				]
			},
			"libgdx-g": {
				"color": [
					{ "color": "ffffff00", "curve": "stepped" },
					{ "time": 0.3333, "color": "ffffff00" },
					{ "time": 0.7667, "color": "ffffffff", "curve": "stepped" },
					{ "time": 2.5536, "color": "ffffffff" },
					{ "time": 2.747, "color": "ffffff00" }
				],
				"attachment": [
					{ "time": 2.4762, "name": "libgdx-g-blood" }
				]
			},
			"blood-10": {
				"attachment": [
					{ "name": null },
					{ "time": 7.6667, "name": "blood-0" },
					{ "time": 7.7333, "name": "blood-1" },
					{ "time": 7.8, "name": "blood-2" },
					{ "time": 7.8667, "name": "blood-3" }
				]
			},
			"libgdx-i": {
				"color": [
					{ "color": "ffffff00", "curve": "stepped" },
					{ "time": 0.1, "color": "ffffff00" },
					{ "time": 0.5667, "color": "ffffffff", "curve": "stepped" },
					{ "time": 2.3214, "color": "ffffffff" },
					{ "time": 2.5149, "color": "ffffff00" }
				],
				"attachment": [
					{ "time": 2.3214, "name": "libgdx-i-blood" }
				]
			}
		},
		"bones": {
			"blood-7": {
				"rotate": [
					{ "angle": -0.22 }
				]
			},
			"spark-0": {
				"translate": [
					{ "x": -393.12, "curve": "stepped" },
					{ "time": 2.1667, "x": -393.12, "curve": "stepped" },
					{ "time": 2.244, "x": -352.82, "curve": "stepped" },
					{ "time": 2.3214, "x": -328.79, "y": -13.95, "curve": "stepped" },
					{ "time": 2.3988, "x": -297.79, "y": -6.97, "curve": "stepped" },
					{ "time": 2.4762, "x": -258.27, "y": -14.72, "curve": "stepped" },
					{ "time": 2.5536, "x": -224.94, "y": 4.65, "curve": "stepped" },
					{ "time": 2.6309, "x": -185.42, "y": 14.72, "curve": "stepped" },
					{ "time": 2.7083, "x": -175.34, "curve": "stepped" },
					{ "time": 2.7857, "x": -144.34, "y": 9.3, "curve": "stepped" },
					{ "time": 2.8631, "x": -101.72, "y": 4.65, "curve": "stepped" },
					{ "time": 2.9404, "x": -78.47, "y": -7.75, "curve": "stepped" },
					{ "time": 7.6667, "x": -81.74, "y": 15.13, "curve": "stepped" },
					{ "time": 8.3333, "x": -98.89, "y": -3.66 }
				]
			},
			"libgdx-x": {
				"rotate": [
					{ "time": 8.5667 },
					{ "time": 9, "angle": 70.84 }
				],
				"translate": [
					{ "y": 81.65, "curve": "stepped" },
					{ "time": 0.5667, "y": 81.65, "curve": 0.043, "c2": 0.26, "c3": 0 },
					{ "time": 1, "curve": "stepped" },
					{ "time": 8.5667, "curve": 0.832, "c3": 0.984, "c4": 0.42 },
					{ "time": 9, "y": -160.13, "curve": "stepped" },
					{ "time": 10.7, "y": -160.13 }
				]
			},
			"libgdx-l": {
				"rotate": [
					{ "time": 2.244 },
					{ "time": 2.3795, "angle": 53.15 }
				],
				"translate": [
					{ "y": 81.65, "curve": 0.043, "c2": 0.26, "c3": 0 },
					{ "time": 0.4333, "curve": "stepped" },
					{ "time": 2.244, "curve": 0.646, "c2": 0.03, "c4": 0.3 },
					{ "time": 2.3795, "y": -180.57 }
				]
			},
			"libgdx-i": {
				"rotate": [
					{ "time": 2.3214 },
					{ "time": 2.5149, "angle": -73.12 }
				],
				"translate": [
					{ "y": 81.65, "curve": "stepped" },
					{ "time": 0.1, "y": 81.65, "curve": 0.043, "c2": 0.26, "c3": 0 },
					{ "time": 0.5667, "curve": "stepped" },
					{ "time": 2.3214, "curve": 0.646, "c2": 0.03, "c4": 0.3 },
					{ "time": 2.5149, "y": -181.35 }
				]
			},
			"libgdx-g": {
				"rotate": [
					{ "time": 2.5536 },
					{ "time": 2.747, "angle": -123.24 }
				],
				"translate": [
					{ "y": 81.65, "curve": "stepped" },
					{ "time": 0.3333, "y": 81.65, "curve": 0.043, "c2": 0.26, "c3": 0 },
					{ "time": 0.7667, "curve": "stepped" },
					{ "time": 2.5536, "curve": 0.646, "c2": 0.03, "c4": 0.3 },
					{ "time": 2.747, "y": -180.57 }
				]
			},
			"libgdx-d": {
				"rotate": [
					{ "time": 2.7857 },
					{ "time": 2.9598, "angle": 5.3 }
				],
				"translate": [
					{ "y": 81.65, "curve": "stepped" },
					{ "time": 0.4333, "y": 81.65, "curve": 0.043, "c2": 0.26, "c3": 0 },
					{ "time": 0.9, "curve": "stepped" },
					{ "time": 2.7857, "curve": 0.646, "c2": 0.03, "c4": 0.3 },
					{ "time": 2.9598, "y": -183.67 }
				]
			},
			"libgdx-b": {
				"rotate": [
					{ "time": 2.3988 },
					{ "time": 2.5729, "angle": 16.69 }
				],
				"translate": [
					{ "y": 81.65, "curve": "stepped" },
					{ "time": 0.2333, "y": 81.65, "curve": 0.043, "c2": 0.26, "c3": 0 },
					{ "time": 0.6667, "curve": "stepped" },
					{ "time": 2.3988, "curve": 0.646, "c2": 0.03, "c4": 0.3 },
					{ "time": 2.5729, "y": -184.45 }
				]
			}
		},
		"events": [
			{ "name": "libgdx" },
			{ "time": 2.1667, "name": "shot" },
			{ "time": 2.244, "name": "shot" },
			{ "time": 2.3214, "name": "shot" },
			{ "time": 2.3988, "name": "shot" },
			{ "time": 2.4762, "name": "shot" },
			{ "time": 2.5536, "name": "shot" },
			{ "time": 2.6309, "name": "shot" },
			{ "time": 2.7083, "name": "shot" },
			{ "time": 2.7857, "name": "shot" },
			{ "time": 2.8631, "name": "shot" },
			{ "time": 2.9404, "name": "shot" },
			{ "time": 4, "name": "please don't kill me" },
			{ "time": 7.6667, "name": "ahh" },
			{ "time": 7.6667, "name": "shot" },
			{ "time": 8.3333, "name": "ahh" },
			{ "time": 8.3333, "name": "shot" }
		]
	},
	"stand": {
		"slots": {
			"blood-0": {
				"attachment": [
					{ "name": null }
				]
			},
			"libgdx-l": {
				"color": [
					{ "color": "ffffff00" }
				]
			},
			"blood-4": {
				"attachment": [
					{ "name": null }
				]
			},
			"libgdx-b": {
				"color": [
					{ "color": "ffffff00" }
				]
			},
			"blood-11": {
				"attachment": [
					{ "name": null }
				]
			},
			"libgdx-x": {
				"color": [
					{ "color": "ffffff00" }
				]
			},
			"blood-3": {
				"attachment": [
					{ "name": null }
				]
			},
			"blood-6": {
				"attachment": [
					{ "name": null }
				]
			},
			"mouth": {
				"attachment": [
					{ "name": null }
				]
			},
			"blood-2": {
				"attachment": [
					{ "name": null }
				]
			},
			"blood-7": {
				"attachment": [
					{ "name": null }
				]
			},
			"blood-9": {
				"attachment": [
					{ "name": null }
				]
			},
			"blood-8": {
				"attachment": [
					{ "name": null }
				]
			},
			"libgdx-d": {
				"color": [
					{ "color": "ffffff00" }
				]
			},
			"blood-5": {
				"attachment": [
					{ "name": null }
				]
			},
			"blood-1": {
				"attachment": [
					{ "name": null }
				]
			},
			"spark-0": {
				"attachment": [
					{ "name": null }
				]
			},
			"libgdx-g": {
				"color": [
					{ "color": "ffffff00" }
				]
			},
			"blood-10": {
				"attachment": [
					{ "name": null }
				]
			},
			"libgdx-i": {
				"color": [
					{ "color": "ffffff00" }
				]
			}
		},
		"bones": {
			"blood-7": {
				"rotate": [
					{ "angle": -0.22 }
				]
			},
			"spark-0": {
				"translate": [
					{ "x": -393.12 }
				]
			},
			"libgdx-x": {
				"translate": [
					{ "y": 81.65 }
				]
			},
			"libgdx-l": {
				"translate": [
					{ "y": 81.65 }
				]
			},
			"libgdx-i": {
				"translate": [
					{ "y": 81.65 }
				]
			},
			"libgdx-g": {
				"translate": [
					{ "y": 81.65 }
				]
			},
			"libgdx-d": {
				"translate": [
					{ "y": 81.65 }
				]
			},
			"libgdx-b": {
				"translate": [
					{ "y": 81.65 }
				]
			}
		}
	}
}
}