{
"skeleton": {
	"hash": "+fsQibm3aDXFuIW+YF2V/90BlLo",
	"spine": "3.8.61",
	"x": -8.14,
	"y": -5.16,
	"width": 551,
	"height": 150,
	"images": "../output/",
	"audio": "../output/"
},
"bones": [
	{ "name": "root", "x": 267.36, "y": 69.84 },
	{ "name": "ray3k-logo", "parent": "root", "length": 196.01, "x": 119.05 },
	{ "name": "ray3k-line", "parent": "root", "length": 160.73, "x": -0.36 },
	{ "name": "ray3k-spot", "parent": "root", "length": 144.95, "x": -1.11 }
],
"slots": [
	{ "name": "ray3k-spot", "bone": "ray3k-spot", "attachment": "ray3k-spot" },
	{ "name": "ray3k-line", "bone": "ray3k-line", "attachment": "ray3k-line" },
	{ "name": "ray3k-logo", "bone": "ray3k-logo", "attachment": "ray3k-logo" }
],
"skins": [
	{
		"name": "default",
		"attachments": {
			"ray3k-logo": {
				"ray3k-logo": { "x": -119.05, "width": 530, "height": 150 }
			},
			"ray3k-line": {
				"ray3k-line": { "x": 0.36, "width": 551, "height": 31 }
			},
			"ray3k-spot": {
				"ray3k-spot": { "x": 1.11, "width": 90, "height": 90 }
			}
		}
	}
],
"events": {
	"swoosh": { "audio": "swoosh.mp3" },
	"tv": { "audio": "tv.mp3" }
},
"animations": {
	"animation": {
		"bones": {
			"ray3k-line": {
				"scale": [
					{ "y": 0, "curve": "stepped" },
					{ "time": 1.7667, "y": 0 },
					{ "time": 1.8667 },
					{ "time": 1.9667, "x": 0 }
				]
			},
			"ray3k-spot": {
				"scale": [
					{ "y": 0, "curve": "stepped" },
					{ "time": 1.7667, "y": 0 },
					{ "time": 1.8667 },
					{ "time": 1.9667, "x": 1.5, "y": 1.5 },
					{ "time": 2.2333, "x": 0, "y": 0 }
				]
			},
			"ray3k-logo": {
				"scale": [
					{ "time": 1.6667 },
					{ "time": 1.8667, "y": 0 }
				],
				"shear": [
					{ "x": 90, "curve": "stepped" },
					{ "time": 0.1667, "x": 90 },
					{ "time": 0.4 }
				]
			}
		},
		"events": [
			{ "name": "swoosh" },
			{ "time": 1.5, "name": "tv" }
		]
	},
	"stand": {
		"bones": {
			"ray3k-line": {
				"scale": [
					{ "y": 0 }
				]
			},
			"ray3k-spot": {
				"scale": [
					{ "y": 0 }
				]
			},
			"ray3k-logo": {
				"shear": [
					{ "x": 90 }
				]
			}
		}
	}
}
}