{
"com.badlogic.gdx.graphics.g2d.BitmapFont": {
	"font": {
		"file": "DMSans-Bold.fnt"
	},
	"small": {
		"file": "small.fnt"
	}
},
"com.badlogic.gdx.graphics.Color": {
	"black": {
		"r": 0,
		"g": 0,
		"b": 0,
		"a": 1
	},
	"blue": {
		"r": 0,
		"g": 0.27038884,
		"b": 1,
		"a": 1
	},
	"red": {
		"r": 1,
		"g": 0,
		"b": 0,
		"a": 1
	},
	"white": {
		"r": 1,
		"g": 1,
		"b": 1,
		"a": 1
	}
},
"com.ray3k.tenpatch.TenPatchDrawable": {
	"bg-tile-ten": {
		"region": "bg-tile",
		"horizontalStretchAreas": [ 0, 66 ],
		"verticalStretchAreas": [ 0, 59 ],
		"tiling": true,
		"minWidth": 67,
		"minHeight": 60,
		"rightWidth": 0,
		"leftWidth": 0,
		"bottomHeight": 0,
		"topHeight": 0,
		"offsetX": 0,
		"offsetY": 0,
		"offsetXspeed": 5,
		"offsetYspeed": -5,
		"frameDuration": 0.03,
		"regions": [],
		"playMode": 2
	},
	"button-over": {
		"region": "button-over_00",
		"horizontalStretchAreas": [ 14, 139 ],
		"verticalStretchAreas": [ 11, 32 ],
		"tiling": false,
		"minWidth": 154,
		"minHeight": 45,
		"rightWidth": 7,
		"leftWidth": 7,
		"bottomHeight": 6,
		"topHeight": 6,
		"offsetX": 0,
		"offsetY": 0,
		"offsetXspeed": 0,
		"offsetYspeed": 0,
		"frameDuration": 0.03,
		"regions": [
			"button-over_00",
			"button-over_01",
			"button-over_02",
			"button-over_03",
			"button-over_04",
			"button-over_05",
			"button-over_06",
			"button-over_07",
			"button-over_08",
			"button-over_09",
			"button-over_10",
			"button-over_11",
			"button-over_12",
			"button-over_13",
			"button-over_14",
			"button-over_15",
			"button-over_16",
			"button-over_17",
			"button-over_00",
			"button-over_00",
			"button-over_00",
			"button-over_00",
			"button-over_00",
			"button-over_00",
			"button-over_00",
			"button-over_00",
			"button-over_00",
			"button-over_00",
			"button-over_00",
			"button-over_00",
			"button-over_00",
			"button-over_00",
			"button-over_00",
			"button-over_00",
			"button-over_00",
			"button-over_00",
			"button-over_00",
			"button-over_00"
		],
		"playMode": 2
	},
	"button-pressed": {
		"region": "button-pressed_00",
		"horizontalStretchAreas": [ 14, 139 ],
		"verticalStretchAreas": [ 11, 32 ],
		"tiling": false,
		"minWidth": 154,
		"minHeight": 45,
		"rightWidth": 7,
		"leftWidth": 7,
		"bottomHeight": 6,
		"topHeight": 6,
		"offsetX": 0,
		"offsetY": 0,
		"offsetXspeed": 0,
		"offsetYspeed": 0,
		"frameDuration": 0.03,
		"regions": [
			"button-pressed_00",
			"button-pressed_01",
			"button-pressed_02",
			"button-pressed_03",
			"button-pressed_04",
			"button-pressed_05",
			"button-pressed_06",
			"button-pressed_07",
			"button-pressed_08",
			"button-pressed_09",
			"button-pressed_10",
			"button-pressed_11",
			"button-pressed_12",
			"button-pressed_13",
			"button-pressed_00",
			"button-pressed_00",
			"button-pressed_00",
			"button-pressed_00",
			"button-pressed_00",
			"button-pressed_00",
			"button-pressed_00",
			"button-pressed_00",
			"button-pressed_00",
			"button-pressed_00",
			"button-pressed_00",
			"button-pressed_00",
			"button-pressed_00",
			"button-pressed_00",
			"button-pressed_00",
			"button-pressed_00",
			"button-pressed_00",
			"button-pressed_00",
			"button-pressed_00",
			"button-pressed_00"
		],
		"playMode": 2
	},
	"checkbox-checkbox-checked-over": {
		"region": "checkbox-checkbox-checked-over_00",
		"horizontalStretchAreas": [ 0, 13 ],
		"verticalStretchAreas": [ 0, 13 ],
		"tiling": false,
		"minWidth": 14,
		"minHeight": 14,
		"rightWidth": 0,
		"leftWidth": 0,
		"bottomHeight": 0,
		"topHeight": 0,
		"offsetX": 0,
		"offsetY": 0,
		"offsetXspeed": 0,
		"offsetYspeed": 0,
		"frameDuration": 0.03,
		"regions": [
			"checkbox-checkbox-checked-over_00",
			"checkbox-checkbox-checked-over_01",
			"checkbox-checkbox-checked-over_02",
			"checkbox-checkbox-checked-over_03",
			"checkbox-checkbox-checked-over_04",
			"checkbox-checkbox-checked-over_05",
			"checkbox-checkbox-checked-over_06",
			"checkbox-checkbox-checked-over_07",
			"checkbox-checkbox-checked-over_08",
			"checkbox-checkbox-checked-over_09",
			"checkbox-checkbox-checked-over_10",
			"checkbox-checkbox-checked-over_11",
			"checkbox-checkbox-checked-over_12",
			"checkbox-checkbox-checked-over_13",
			"checkbox-checkbox-checked-over_00",
			"checkbox-checkbox-checked-over_00",
			"checkbox-checkbox-checked-over_00",
			"checkbox-checkbox-checked-over_00",
			"checkbox-checkbox-checked-over_00",
			"checkbox-checkbox-checked-over_00",
			"checkbox-checkbox-checked-over_00",
			"checkbox-checkbox-checked-over_00",
			"checkbox-checkbox-checked-over_00",
			"checkbox-checkbox-checked-over_00",
			"checkbox-checkbox-checked-over_00",
			"checkbox-checkbox-checked-over_00",
			"checkbox-checkbox-checked-over_00",
			"checkbox-checkbox-checked-over_00",
			"checkbox-checkbox-checked-over_00",
			"checkbox-checkbox-checked-over_00",
			"checkbox-checkbox-checked-over_00",
			"checkbox-checkbox-checked-over_00",
			"checkbox-checkbox-checked-over_00",
			"checkbox-checkbox-checked-over_00"
		],
		"playMode": 2
	},
	"checkbox-checkbox-checked-pressed": {
		"region": "checkbox-checkbox-checked-pressed_00",
		"horizontalStretchAreas": [ 0, 13 ],
		"verticalStretchAreas": [ 0, 13 ],
		"tiling": false,
		"minWidth": 14,
		"minHeight": 14,
		"rightWidth": 0,
		"leftWidth": 0,
		"bottomHeight": 0,
		"topHeight": 0,
		"offsetX": 0,
		"offsetY": 0,
		"offsetXspeed": 0,
		"offsetYspeed": 0,
		"frameDuration": 0.03,
		"regions": [
			"checkbox-checkbox-checked-pressed_00",
			"checkbox-checkbox-checked-pressed_01",
			"checkbox-checkbox-checked-pressed_02",
			"checkbox-checkbox-checked-pressed_03",
			"checkbox-checkbox-checked-pressed_04",
			"checkbox-checkbox-checked-pressed_05",
			"checkbox-checkbox-checked-pressed_06",
			"checkbox-checkbox-checked-pressed_07",
			"checkbox-checkbox-checked-pressed_08",
			"checkbox-checkbox-checked-pressed_09",
			"checkbox-checkbox-checked-pressed_10",
			"checkbox-checkbox-checked-pressed_11",
			"checkbox-checkbox-checked-pressed_12",
			"checkbox-checkbox-checked-pressed_13",
			"checkbox-checkbox-checked-pressed_00",
			"checkbox-checkbox-checked-pressed_00",
			"checkbox-checkbox-checked-pressed_00",
			"checkbox-checkbox-checked-pressed_00",
			"checkbox-checkbox-checked-pressed_00",
			"checkbox-checkbox-checked-pressed_00",
			"checkbox-checkbox-checked-pressed_00",
			"checkbox-checkbox-checked-pressed_00",
			"checkbox-checkbox-checked-pressed_00",
			"checkbox-checkbox-checked-pressed_00",
			"checkbox-checkbox-checked-pressed_00",
			"checkbox-checkbox-checked-pressed_00",
			"checkbox-checkbox-checked-pressed_00",
			"checkbox-checkbox-checked-pressed_00",
			"checkbox-checkbox-checked-pressed_00",
			"checkbox-checkbox-checked-pressed_00",
			"checkbox-checkbox-checked-pressed_00",
			"checkbox-checkbox-checked-pressed_00",
			"checkbox-checkbox-checked-pressed_00",
			"checkbox-checkbox-checked-pressed_00"
		],
		"playMode": 2
	},
	"checkbox-checkbox-over": {
		"region": "checkbox-checkbox-over_00",
		"horizontalStretchAreas": [ 0, 13 ],
		"verticalStretchAreas": [ 0, 13 ],
		"tiling": false,
		"minWidth": 14,
		"minHeight": 14,
		"rightWidth": 0,
		"leftWidth": 0,
		"bottomHeight": 0,
		"topHeight": 0,
		"offsetX": 0,
		"offsetY": 0,
		"offsetXspeed": 0,
		"offsetYspeed": 0,
		"frameDuration": 0.03,
		"regions": [
			"checkbox-checkbox-over_00",
			"checkbox-checkbox-over_01",
			"checkbox-checkbox-over_02",
			"checkbox-checkbox-over_03",
			"checkbox-checkbox-over_04",
			"checkbox-checkbox-over_05",
			"checkbox-checkbox-over_06",
			"checkbox-checkbox-over_07",
			"checkbox-checkbox-over_08",
			"checkbox-checkbox-over_09",
			"checkbox-checkbox-over_10",
			"checkbox-checkbox-over_11",
			"checkbox-checkbox-over_12",
			"checkbox-checkbox-over_13",
			"checkbox-checkbox-over_00",
			"checkbox-checkbox-over_00",
			"checkbox-checkbox-over_00",
			"checkbox-checkbox-over_00",
			"checkbox-checkbox-over_00",
			"checkbox-checkbox-over_00",
			"checkbox-checkbox-over_00",
			"checkbox-checkbox-over_00",
			"checkbox-checkbox-over_00",
			"checkbox-checkbox-over_00",
			"checkbox-checkbox-over_00",
			"checkbox-checkbox-over_00",
			"checkbox-checkbox-over_00",
			"checkbox-checkbox-over_00",
			"checkbox-checkbox-over_00"
		],
		"playMode": 2
	},
	"checkbox-checkbox-pressed": {
		"region": "checkbox-checkbox-pressed_00",
		"horizontalStretchAreas": [ 0, 13 ],
		"verticalStretchAreas": [ 0, 13 ],
		"tiling": false,
		"minWidth": 14,
		"minHeight": 14,
		"rightWidth": 0,
		"leftWidth": 0,
		"bottomHeight": 0,
		"topHeight": 0,
		"offsetX": 0,
		"offsetY": 0,
		"offsetXspeed": 0,
		"offsetYspeed": 0,
		"frameDuration": 0.03,
		"regions": [
			"checkbox-checkbox-pressed_00",
			"checkbox-checkbox-pressed_01",
			"checkbox-checkbox-pressed_02",
			"checkbox-checkbox-pressed_03",
			"checkbox-checkbox-pressed_04",
			"checkbox-checkbox-pressed_05",
			"checkbox-checkbox-pressed_06",
			"checkbox-checkbox-pressed_07",
			"checkbox-checkbox-pressed_08",
			"checkbox-checkbox-pressed_09",
			"checkbox-checkbox-pressed_10",
			"checkbox-checkbox-pressed_11",
			"checkbox-checkbox-pressed_12",
			"checkbox-checkbox-pressed_13",
			"checkbox-checkbox-pressed_00",
			"checkbox-checkbox-pressed_00",
			"checkbox-checkbox-pressed_00",
			"checkbox-checkbox-pressed_00",
			"checkbox-checkbox-pressed_00",
			"checkbox-checkbox-pressed_00",
			"checkbox-checkbox-pressed_00",
			"checkbox-checkbox-pressed_00",
			"checkbox-checkbox-pressed_00",
			"checkbox-checkbox-pressed_00",
			"checkbox-checkbox-pressed_00",
			"checkbox-checkbox-pressed_00",
			"checkbox-checkbox-pressed_00",
			"checkbox-checkbox-pressed_00",
			"checkbox-checkbox-pressed_00",
			"checkbox-checkbox-pressed_00",
			"checkbox-checkbox-pressed_00",
			"checkbox-checkbox-pressed_00",
			"checkbox-checkbox-pressed_00",
			"checkbox-checkbox-pressed_00"
		],
		"playMode": 2
	},
	"checkbox-radio-checked-over": {
		"region": "checkbox-radio-checked-over_00",
		"horizontalStretchAreas": [ 0, 13 ],
		"verticalStretchAreas": [ 0, 13 ],
		"tiling": false,
		"minWidth": 14,
		"minHeight": 14,
		"rightWidth": 0,
		"leftWidth": 0,
		"bottomHeight": 0,
		"topHeight": 0,
		"offsetX": 0,
		"offsetY": 0,
		"offsetXspeed": 0,
		"offsetYspeed": 0,
		"frameDuration": 0.03,
		"regions": [
			"checkbox-radio-checked-over_00",
			"checkbox-radio-checked-over_01",
			"checkbox-radio-checked-over_02",
			"checkbox-radio-checked-over_03",
			"checkbox-radio-checked-over_04",
			"checkbox-radio-checked-over_05",
			"checkbox-radio-checked-over_06",
			"checkbox-radio-checked-over_07",
			"checkbox-radio-checked-over_08",
			"checkbox-radio-checked-over_09",
			"checkbox-radio-checked-over_10",
			"checkbox-radio-checked-over_11",
			"checkbox-radio-checked-over_12",
			"checkbox-radio-checked-over_13",
			"checkbox-radio-checked-over_00",
			"checkbox-radio-checked-over_00",
			"checkbox-radio-checked-over_00",
			"checkbox-radio-checked-over_00",
			"checkbox-radio-checked-over_00",
			"checkbox-radio-checked-over_00",
			"checkbox-radio-checked-over_00",
			"checkbox-radio-checked-over_00",
			"checkbox-radio-checked-over_00",
			"checkbox-radio-checked-over_00",
			"checkbox-radio-checked-over_00",
			"checkbox-radio-checked-over_00",
			"checkbox-radio-checked-over_00",
			"checkbox-radio-checked-over_00",
			"checkbox-radio-checked-over_00",
			"checkbox-radio-checked-over_00",
			"checkbox-radio-checked-over_00",
			"checkbox-radio-checked-over_00",
			"checkbox-radio-checked-over_00",
			"checkbox-radio-checked-over_00"
		],
		"playMode": 2
	},
	"checkbox-radio-checked-pressed": {
		"region": "checkbox-radio-checked-pressed_00",
		"horizontalStretchAreas": [ 0, 13 ],
		"verticalStretchAreas": [ 0, 13 ],
		"tiling": false,
		"minWidth": 14,
		"minHeight": 14,
		"rightWidth": 0,
		"leftWidth": 0,
		"bottomHeight": 0,
		"topHeight": 0,
		"offsetX": 0,
		"offsetY": 0,
		"offsetXspeed": 0,
		"offsetYspeed": 0,
		"frameDuration": 0.03,
		"regions": [
			"checkbox-radio-checked-pressed_00",
			"checkbox-radio-checked-pressed_01",
			"checkbox-radio-checked-pressed_02",
			"checkbox-radio-checked-pressed_03",
			"checkbox-radio-checked-pressed_04",
			"checkbox-radio-checked-pressed_05",
			"checkbox-radio-checked-pressed_06",
			"checkbox-radio-checked-pressed_07",
			"checkbox-radio-checked-pressed_08",
			"checkbox-radio-checked-pressed_09",
			"checkbox-radio-checked-pressed_10",
			"checkbox-radio-checked-pressed_11",
			"checkbox-radio-checked-pressed_12",
			"checkbox-radio-checked-pressed_13",
			"checkbox-radio-checked-pressed_00",
			"checkbox-radio-checked-pressed_00",
			"checkbox-radio-checked-pressed_00",
			"checkbox-radio-checked-pressed_00",
			"checkbox-radio-checked-pressed_00",
			"checkbox-radio-checked-pressed_00",
			"checkbox-radio-checked-pressed_00",
			"checkbox-radio-checked-pressed_00",
			"checkbox-radio-checked-pressed_00",
			"checkbox-radio-checked-pressed_00",
			"checkbox-radio-checked-pressed_00",
			"checkbox-radio-checked-pressed_00",
			"checkbox-radio-checked-pressed_00",
			"checkbox-radio-checked-pressed_00",
			"checkbox-radio-checked-pressed_00",
			"checkbox-radio-checked-pressed_00",
			"checkbox-radio-checked-pressed_00",
			"checkbox-radio-checked-pressed_00",
			"checkbox-radio-checked-pressed_00",
			"checkbox-radio-checked-pressed_00"
		],
		"playMode": 2
	},
	"checkbox-radio-over": {
		"region": "checkbox-radio-over_00",
		"horizontalStretchAreas": [ 0, 13 ],
		"verticalStretchAreas": [ 0, 13 ],
		"tiling": false,
		"minWidth": 14,
		"minHeight": 14,
		"rightWidth": 0,
		"leftWidth": 0,
		"bottomHeight": 0,
		"topHeight": 0,
		"offsetX": 0,
		"offsetY": 0,
		"offsetXspeed": 0,
		"offsetYspeed": 0,
		"frameDuration": 0.03,
		"regions": [
			"checkbox-radio-over_00",
			"checkbox-radio-over_01",
			"checkbox-radio-over_02",
			"checkbox-radio-over_03",
			"checkbox-radio-over_04",
			"checkbox-radio-over_05",
			"checkbox-radio-over_06",
			"checkbox-radio-over_07",
			"checkbox-radio-over_08",
			"checkbox-radio-over_09",
			"checkbox-radio-over_10",
			"checkbox-radio-over_11",
			"checkbox-radio-over_12",
			"checkbox-radio-over_13",
			"checkbox-radio-over_00",
			"checkbox-radio-over_00",
			"checkbox-radio-over_00",
			"checkbox-radio-over_00",
			"checkbox-radio-over_00",
			"checkbox-radio-over_00",
			"checkbox-radio-over_00",
			"checkbox-radio-over_00",
			"checkbox-radio-over_00",
			"checkbox-radio-over_00",
			"checkbox-radio-over_00",
			"checkbox-radio-over_00",
			"checkbox-radio-over_00",
			"checkbox-radio-over_00",
			"checkbox-radio-over_00",
			"checkbox-radio-over_00",
			"checkbox-radio-over_00"
		],
		"playMode": 2
	},
	"checkbox-radio-pressed": {
		"region": "checkbox-radio-pressed_00",
		"horizontalStretchAreas": [ 0, 13 ],
		"verticalStretchAreas": [ 0, 13 ],
		"tiling": false,
		"minWidth": 14,
		"minHeight": 14,
		"rightWidth": 0,
		"leftWidth": 0,
		"bottomHeight": 0,
		"topHeight": 0,
		"offsetX": 0,
		"offsetY": 0,
		"offsetXspeed": 0,
		"offsetYspeed": 0,
		"frameDuration": 0.03,
		"regions": [
			"checkbox-radio-pressed_00",
			"checkbox-radio-pressed_01",
			"checkbox-radio-pressed_02",
			"checkbox-radio-pressed_03",
			"checkbox-radio-pressed_04",
			"checkbox-radio-pressed_05",
			"checkbox-radio-pressed_06",
			"checkbox-radio-pressed_07",
			"checkbox-radio-pressed_08",
			"checkbox-radio-pressed_09",
			"checkbox-radio-pressed_10",
			"checkbox-radio-pressed_11",
			"checkbox-radio-pressed_12",
			"checkbox-radio-pressed_13",
			"checkbox-radio-pressed_00",
			"checkbox-radio-pressed_00",
			"checkbox-radio-pressed_00",
			"checkbox-radio-pressed_00",
			"checkbox-radio-pressed_00",
			"checkbox-radio-pressed_00",
			"checkbox-radio-pressed_00",
			"checkbox-radio-pressed_00",
			"checkbox-radio-pressed_00",
			"checkbox-radio-pressed_00",
			"checkbox-radio-pressed_00",
			"checkbox-radio-pressed_00",
			"checkbox-radio-pressed_00",
			"checkbox-radio-pressed_00",
			"checkbox-radio-pressed_00",
			"checkbox-radio-pressed_00",
			"checkbox-radio-pressed_00",
			"checkbox-radio-pressed_00",
			"checkbox-radio-pressed_00",
			"checkbox-radio-pressed_00"
		],
		"playMode": 2
	},
	"libgdx-animation": {
		"region": "libgdx-animation_00",
		"horizontalStretchAreas": [ 0, 323 ],
		"verticalStretchAreas": [ 0, 67 ],
		"tiling": false,
		"minWidth": 324,
		"minHeight": 68,
		"rightWidth": 0,
		"leftWidth": 0,
		"bottomHeight": 0,
		"topHeight": 0,
		"offsetX": 0,
		"offsetY": 0,
		"offsetXspeed": 0,
		"offsetYspeed": 0,
		"frameDuration": 0.03,
		"regions": [
			"libgdx-animation_00",
			"libgdx-animation_01",
			"libgdx-animation_02",
			"libgdx-animation_03",
			"libgdx-animation_04",
			"libgdx-animation_05",
			"libgdx-animation_06",
			"libgdx-animation_07",
			"libgdx-animation_08",
			"libgdx-animation_09",
			"libgdx-animation_10",
			"libgdx-animation_11",
			"libgdx-animation_12",
			"libgdx-animation_13",
			"libgdx-animation_14",
			"libgdx-animation_15",
			"libgdx-animation_16",
			"libgdx-animation_17",
			"libgdx-animation_18",
			"libgdx-animation_19",
			"libgdx-animation_00",
			"libgdx-animation_00",
			"libgdx-animation_00",
			"libgdx-animation_00",
			"libgdx-animation_00",
			"libgdx-animation_00",
			"libgdx-animation_00",
			"libgdx-animation_00",
			"libgdx-animation_00",
			"libgdx-animation_00",
			"libgdx-animation_00",
			"libgdx-animation_00",
			"libgdx-animation_00",
			"libgdx-animation_00",
			"libgdx-animation_00",
			"libgdx-animation_00",
			"libgdx-animation_00",
			"libgdx-animation_00",
			"libgdx-animation_00",
			"libgdx-animation_00",
			"libgdx-animation_00",
			"libgdx-animation_01",
			"libgdx-animation_02",
			"libgdx-animation_03",
			"libgdx-animation_04",
			"libgdx-animation_05",
			"libgdx-animation_06",
			"libgdx-animation_07",
			"libgdx-animation_08",
			"libgdx-animation_09",
			"libgdx-animation_10",
			"libgdx-animation_11",
			"libgdx-animation_12",
			"libgdx-animation_13",
			"libgdx-animation_14",
			"libgdx-animation_15",
			"libgdx-animation_16",
			"libgdx-animation_17",
			"libgdx-animation_18",
			"libgdx-animation_19",
			"libgdx-animation_00",
			"libgdx-animation_00",
			"libgdx-animation_00",
			"libgdx-animation_00",
			"libgdx-animation_00",
			"libgdx-animation_00",
			"libgdx-animation_00",
			"libgdx-animation_00",
			"libgdx-animation_00",
			"libgdx-animation_00",
			"libgdx-animation_00",
			"libgdx-animation_00",
			"libgdx-animation_00",
			"libgdx-animation_00",
			"libgdx-animation_00",
			"libgdx-animation_00",
			"libgdx-animation_00",
			"libgdx-animation_00",
			"libgdx-animation_00",
			"libgdx-animation_00",
			"libgdx-animation_00",
			"libgdx-animation_00",
			"libgdx-animation_00",
			"libgdx-animation_00",
			"libgdx-animation_00",
			"libgdx-animation_00",
			"libgdx-animation_00",
			"libgdx-animation_00",
			"libgdx-animation_00",
			"libgdx-animation_00",
			"libgdx-animation_00",
			"libgdx-animation_00",
			"libgdx-animation_00",
			"libgdx-animation_00",
			"libgdx-animation_00",
			"libgdx-animation_00",
			"libgdx-animation_00",
			"libgdx-animation_00",
			"libgdx-animation_00",
			"libgdx-animation_00"
		],
		"playMode": 2
	},
	"libgdx-bg-ten": {
		"region": "libgdx-bg",
		"horizontalStretchAreas": [ 0, 14 ],
		"verticalStretchAreas": [ 0, 14 ],
		"tiling": true,
		"minWidth": 15,
		"minHeight": 15,
		"rightWidth": 0,
		"leftWidth": 0,
		"bottomHeight": 0,
		"topHeight": 0,
		"offsetX": 0,
		"offsetY": 0,
		"offsetXspeed": 0,
		"offsetYspeed": 0,
		"frameDuration": 0.03,
		"regions": [],
		"playMode": 2
	},
	"list-ten": {
		"region": "list",
		"horizontalStretchAreas": [ 1, 73 ],
		"verticalStretchAreas": [ 2, 19 ],
		"tiling": false,
		"minWidth": 75,
		"minHeight": 22,
		"rightWidth": 4,
		"leftWidth": 4,
		"bottomHeight": 2,
		"topHeight": 2,
		"offsetX": 0,
		"offsetY": 0,
		"offsetXspeed": 0,
		"offsetYspeed": 0,
		"frameDuration": 0.03,
		"regions": [],
		"playMode": 2
	},
	"play-close-over": {
		"region": "play-close-over_00",
		"horizontalStretchAreas": [ 0, 13 ],
		"verticalStretchAreas": [ 0, 13 ],
		"tiling": false,
		"minWidth": 14,
		"minHeight": 14,
		"rightWidth": 0,
		"leftWidth": 0,
		"bottomHeight": 0,
		"topHeight": 0,
		"offsetX": 0,
		"offsetY": 0,
		"offsetXspeed": 0,
		"offsetYspeed": 0,
		"frameDuration": 0.03,
		"regions": [
			"play-close-over_00",
			"play-close-over_01",
			"play-close-over_02",
			"play-close-over_03",
			"play-close-over_04",
			"play-close-over_05",
			"play-close-over_06",
			"play-close-over_07",
			"play-close-over_08",
			"play-close-over_09",
			"play-close-over_10",
			"play-close-over_11",
			"play-close-over_12",
			"play-close-over_13",
			"play-close-over_00",
			"play-close-over_00",
			"play-close-over_00",
			"play-close-over_00",
			"play-close-over_00",
			"play-close-over_00",
			"play-close-over_00",
			"play-close-over_00",
			"play-close-over_00",
			"play-close-over_00",
			"play-close-over_00",
			"play-close-over_00",
			"play-close-over_00",
			"play-close-over_00",
			"play-close-over_00",
			"play-close-over_00",
			"play-close-over_00",
			"play-close-over_00",
			"play-close-over_00",
			"play-close-over_00"
		],
		"playMode": 2
	},
	"play-close-pressed": {
		"region": "play-close-pressed_00",
		"horizontalStretchAreas": [ 0, 13 ],
		"verticalStretchAreas": [ 0, 13 ],
		"tiling": false,
		"minWidth": 14,
		"minHeight": 14,
		"rightWidth": 0,
		"leftWidth": 0,
		"bottomHeight": 0,
		"topHeight": 0,
		"offsetX": 0,
		"offsetY": 0,
		"offsetXspeed": 0,
		"offsetYspeed": 0,
		"frameDuration": 0.03,
		"regions": [
			"play-close-pressed_00",
			"play-close-pressed_01",
			"play-close-pressed_02",
			"play-close-pressed_03",
			"play-close-pressed_04",
			"play-close-pressed_05",
			"play-close-pressed_06",
			"play-close-pressed_07",
			"play-close-pressed_08",
			"play-close-pressed_09",
			"play-close-pressed_10",
			"play-close-pressed_11",
			"play-close-pressed_12",
			"play-close-pressed_13",
			"play-close-pressed_00",
			"play-close-pressed_00",
			"play-close-pressed_00",
			"play-close-pressed_00",
			"play-close-pressed_00",
			"play-close-pressed_00",
			"play-close-pressed_00",
			"play-close-pressed_00",
			"play-close-pressed_00",
			"play-close-pressed_00",
			"play-close-pressed_00",
			"play-close-pressed_00",
			"play-close-pressed_00",
			"play-close-pressed_00",
			"play-close-pressed_00",
			"play-close-pressed_00",
			"play-close-pressed_00",
			"play-close-pressed_00",
			"play-close-pressed_00",
			"play-close-pressed_00"
		],
		"playMode": 2
	},
	"play-pause-over": {
		"region": "play-pause-over_00",
		"horizontalStretchAreas": [ 0, 9 ],
		"verticalStretchAreas": [ 0, 12 ],
		"tiling": false,
		"minWidth": 10,
		"minHeight": 13,
		"rightWidth": 0,
		"leftWidth": 0,
		"bottomHeight": 0,
		"topHeight": 0,
		"offsetX": 0,
		"offsetY": 0,
		"offsetXspeed": 0,
		"offsetYspeed": 0,
		"frameDuration": 0.03,
		"regions": [
			"play-pause-over_00",
			"play-pause-over_01",
			"play-pause-over_02",
			"play-pause-over_03",
			"play-pause-over_04",
			"play-pause-over_05",
			"play-pause-over_06",
			"play-pause-over_07",
			"play-pause-over_08",
			"play-pause-over_09",
			"play-pause-over_10",
			"play-pause-over_11",
			"play-pause-over_12",
			"play-pause-over_13",
			"play-pause-over_00",
			"play-pause-over_00",
			"play-pause-over_00",
			"play-pause-over_00",
			"play-pause-over_00",
			"play-pause-over_00",
			"play-pause-over_00",
			"play-pause-over_00",
			"play-pause-over_00",
			"play-pause-over_00",
			"play-pause-over_00",
			"play-pause-over_00",
			"play-pause-over_00",
			"play-pause-over_00",
			"play-pause-over_00",
			"play-pause-over_00",
			"play-pause-over_00",
			"play-pause-over_00",
			"play-pause-over_00",
			"play-pause-over_00"
		],
		"playMode": 2
	},
	"play-pause-pressed": {
		"region": "play-pause-pressed_00",
		"horizontalStretchAreas": [ 0, 9 ],
		"verticalStretchAreas": [ 0, 12 ],
		"tiling": false,
		"minWidth": 10,
		"minHeight": 13,
		"rightWidth": 0,
		"leftWidth": 0,
		"bottomHeight": 0,
		"topHeight": 0,
		"offsetX": 0,
		"offsetY": 0,
		"offsetXspeed": 0,
		"offsetYspeed": 0,
		"frameDuration": 0.03,
		"regions": [
			"play-pause-pressed_00",
			"play-pause-pressed_01",
			"play-pause-pressed_02",
			"play-pause-pressed_03",
			"play-pause-pressed_04",
			"play-pause-pressed_05",
			"play-pause-pressed_06",
			"play-pause-pressed_07",
			"play-pause-pressed_08",
			"play-pause-pressed_09",
			"play-pause-pressed_10",
			"play-pause-pressed_11",
			"play-pause-pressed_12",
			"play-pause-pressed_13",
			"play-pause-pressed_00",
			"play-pause-pressed_00",
			"play-pause-pressed_00",
			"play-pause-pressed_00",
			"play-pause-pressed_00",
			"play-pause-pressed_00",
			"play-pause-pressed_00",
			"play-pause-pressed_00",
			"play-pause-pressed_00",
			"play-pause-pressed_00",
			"play-pause-pressed_00",
			"play-pause-pressed_00",
			"play-pause-pressed_00",
			"play-pause-pressed_00",
			"play-pause-pressed_00",
			"play-pause-pressed_00",
			"play-pause-pressed_00",
			"play-pause-pressed_00",
			"play-pause-pressed_00",
			"play-pause-pressed_00"
		],
		"playMode": 2
	},
	"play-play-over": {
		"region": "play-play-over_00",
		"horizontalStretchAreas": [ 0, 10 ],
		"verticalStretchAreas": [ 0, 16 ],
		"tiling": false,
		"minWidth": 11,
		"minHeight": 17,
		"rightWidth": 0,
		"leftWidth": 0,
		"bottomHeight": 0,
		"topHeight": 0,
		"offsetX": 0,
		"offsetY": 0,
		"offsetXspeed": 0,
		"offsetYspeed": 0,
		"frameDuration": 0.03,
		"regions": [
			"play-play-over_00",
			"play-play-over_01",
			"play-play-over_02",
			"play-play-over_03",
			"play-play-over_04",
			"play-play-over_05",
			"play-play-over_06",
			"play-play-over_07",
			"play-play-over_08",
			"play-play-over_09",
			"play-play-over_10",
			"play-play-over_11",
			"play-play-over_12",
			"play-play-over_13",
			"play-play-over_00",
			"play-play-over_00",
			"play-play-over_00",
			"play-play-over_00",
			"play-play-over_00",
			"play-play-over_00",
			"play-play-over_00",
			"play-play-over_00",
			"play-play-over_00",
			"play-play-over_00",
			"play-play-over_00",
			"play-play-over_00",
			"play-play-over_00",
			"play-play-over_00",
			"play-play-over_00",
			"play-play-over_00",
			"play-play-over_00",
			"play-play-over_00",
			"play-play-over_00",
			"play-play-over_00"
		],
		"playMode": 2
	},
	"play-play-pressed": {
		"region": "play-play-pressed_00",
		"horizontalStretchAreas": [ 0, 10 ],
		"verticalStretchAreas": [ 0, 16 ],
		"tiling": false,
		"minWidth": 11,
		"minHeight": 17,
		"rightWidth": 0,
		"leftWidth": 0,
		"bottomHeight": 0,
		"topHeight": 0,
		"offsetX": 0,
		"offsetY": 0,
		"offsetXspeed": 0,
		"offsetYspeed": 0,
		"frameDuration": 0.03,
		"regions": [
			"play-play-pressed_00",
			"play-play-pressed_01",
			"play-play-pressed_02",
			"play-play-pressed_03",
			"play-play-pressed_04",
			"play-play-pressed_05",
			"play-play-pressed_06",
			"play-play-pressed_07",
			"play-play-pressed_08",
			"play-play-pressed_09",
			"play-play-pressed_10",
			"play-play-pressed_11",
			"play-play-pressed_12",
			"play-play-pressed_13",
			"play-play-pressed_00",
			"play-play-pressed_00",
			"play-play-pressed_00",
			"play-play-pressed_00",
			"play-play-pressed_00",
			"play-play-pressed_00",
			"play-play-pressed_00",
			"play-play-pressed_00",
			"play-play-pressed_00",
			"play-play-pressed_00",
			"play-play-pressed_00",
			"play-play-pressed_00",
			"play-play-pressed_00",
			"play-play-pressed_00",
			"play-play-pressed_00",
			"play-play-pressed_00",
			"play-play-pressed_00",
			"play-play-pressed_00",
			"play-play-pressed_00",
			"play-play-pressed_00"
		],
		"playMode": 2
	},
	"play-stop-over": {
		"region": "play-stop-over_00",
		"horizontalStretchAreas": [ 0, 14 ],
		"verticalStretchAreas": [ 0, 14 ],
		"tiling": false,
		"minWidth": 16,
		"minHeight": 16,
		"rightWidth": 0,
		"leftWidth": 0,
		"bottomHeight": 0,
		"topHeight": 0,
		"offsetX": 0,
		"offsetY": 0,
		"offsetXspeed": 0,
		"offsetYspeed": 0,
		"frameDuration": 0.03,
		"regions": [
			"play-stop-over_00",
			"play-stop-over_01",
			"play-stop-over_02",
			"play-stop-over_03",
			"play-stop-over_04",
			"play-stop-over_05",
			"play-stop-over_06",
			"play-stop-over_07",
			"play-stop-over_08",
			"play-stop-over_09",
			"play-stop-over_10",
			"play-stop-over_11",
			"play-stop-over_12",
			"play-stop-over_13",
			"play-stop-over_00",
			"play-stop-over_00",
			"play-stop-over_00",
			"play-stop-over_00",
			"play-stop-over_00",
			"play-stop-over_00",
			"play-stop-over_00",
			"play-stop-over_00",
			"play-stop-over_00",
			"play-stop-over_00",
			"play-stop-over_00",
			"play-stop-over_00",
			"play-stop-over_00",
			"play-stop-over_00",
			"play-stop-over_00",
			"play-stop-over_00",
			"play-stop-over_00",
			"play-stop-over_00",
			"play-stop-over_00",
			"play-stop-over_00"
		],
		"playMode": 2
	},
	"play-stop-pressed": {
		"region": "play-stop-pressed_00",
		"horizontalStretchAreas": [ 0, 14 ],
		"verticalStretchAreas": [ 0, 14 ],
		"tiling": false,
		"minWidth": 16,
		"minHeight": 16,
		"rightWidth": 0,
		"leftWidth": 0,
		"bottomHeight": 0,
		"topHeight": 0,
		"offsetX": 0,
		"offsetY": 0,
		"offsetXspeed": 0,
		"offsetYspeed": 0,
		"frameDuration": 0.03,
		"regions": [
			"play-stop-pressed_00",
			"play-stop-pressed_01",
			"play-stop-pressed_02",
			"play-stop-pressed_03",
			"play-stop-pressed_04",
			"play-stop-pressed_05",
			"play-stop-pressed_06",
			"play-stop-pressed_07",
			"play-stop-pressed_08",
			"play-stop-pressed_09",
			"play-stop-pressed_10",
			"play-stop-pressed_11",
			"play-stop-pressed_12",
			"play-stop-pressed_13",
			"play-stop-pressed_00",
			"play-stop-pressed_00",
			"play-stop-pressed_00",
			"play-stop-pressed_00",
			"play-stop-pressed_00",
			"play-stop-pressed_00",
			"play-stop-pressed_00",
			"play-stop-pressed_00",
			"play-stop-pressed_00",
			"play-stop-pressed_00",
			"play-stop-pressed_00",
			"play-stop-pressed_00",
			"play-stop-pressed_00",
			"play-stop-pressed_00",
			"play-stop-pressed_00",
			"play-stop-pressed_00",
			"play-stop-pressed_00",
			"play-stop-pressed_00",
			"play-stop-pressed_00",
			"play-stop-pressed_00"
		],
		"playMode": 2
	},
	"progress-bar-ten": {
		"region": "progress-bar",
		"horizontalStretchAreas": [ 2, 122 ],
		"verticalStretchAreas": [ 3, 13 ],
		"tiling": false,
		"minWidth": 125,
		"minHeight": 17,
		"rightWidth": 2,
		"leftWidth": 2,
		"bottomHeight": 2,
		"topHeight": 3,
		"offsetX": 0,
		"offsetY": 0,
		"offsetXspeed": 0,
		"offsetYspeed": 0,
		"frameDuration": 0.03,
		"regions": [],
		"playMode": 2
	},
	"progress-bar-knob-before-ten": {
		"region": "progress-bar-knob-before",
		"horizontalStretchAreas": [ 0, 22 ],
		"verticalStretchAreas": [ 0, 12 ],
		"tiling": true,
		"minWidth": 0,
		"minHeight": 13,
		"rightWidth": 0,
		"leftWidth": 0,
		"bottomHeight": 0,
		"topHeight": 0,
		"offsetX": 0,
		"offsetY": 0,
		"offsetXspeed": 20,
		"offsetYspeed": 0,
		"frameDuration": 0.03,
		"regions": [],
		"playMode": 2
	},
	"scroll-horizontal-ten": {
		"region": "scroll-horizontal",
		"horizontalStretchAreas": [ 5, 18, 27, 40 ],
		"verticalStretchAreas": [ 0, 14 ],
		"tiling": false,
		"minWidth": 46,
		"minHeight": 15,
		"rightWidth": 0,
		"leftWidth": 0,
		"bottomHeight": 0,
		"topHeight": 0,
		"offsetX": 0,
		"offsetY": 0,
		"offsetXspeed": 0,
		"offsetYspeed": 0,
		"frameDuration": 0.03,
		"regions": [],
		"playMode": 2
	},
	"scroll-vertical-ten": {
		"region": "scroll-vertical",
		"horizontalStretchAreas": [ 0, 14 ],
		"verticalStretchAreas": [ 5, 18, 27, 40 ],
		"tiling": false,
		"minWidth": 15,
		"minHeight": 46,
		"rightWidth": 0,
		"leftWidth": 0,
		"bottomHeight": 0,
		"topHeight": 0,
		"offsetX": 0,
		"offsetY": 0,
		"offsetXspeed": 0,
		"offsetYspeed": 0,
		"frameDuration": 0.03,
		"regions": [],
		"playMode": 2
	},
	"select-box-over": {
		"region": "select-box-over_00",
		"horizontalStretchAreas": [ 6, 60 ],
		"verticalStretchAreas": [ 4, 4 ],
		"tiling": false,
		"minWidth": 77,
		"minHeight": 21,
		"rightWidth": 17,
		"leftWidth": 6,
		"bottomHeight": 4,
		"topHeight": 3,
		"offsetX": 0,
		"offsetY": 0,
		"offsetXspeed": 0,
		"offsetYspeed": 0,
		"frameDuration": 0.03,
		"regions": [
			"select-box-over_00",
			"select-box-over_01",
			"select-box-over_02",
			"select-box-over_03",
			"select-box-over_04",
			"select-box-over_05",
			"select-box-over_06",
			"select-box-over_07",
			"select-box-over_08",
			"select-box-over_09",
			"select-box-over_10",
			"select-box-over_11",
			"select-box-over_12",
			"select-box-over_13",
			"select-box-over_00",
			"select-box-over_00",
			"select-box-over_00",
			"select-box-over_00",
			"select-box-over_00",
			"select-box-over_00",
			"select-box-over_00",
			"select-box-over_00",
			"select-box-over_00",
			"select-box-over_00",
			"select-box-over_00",
			"select-box-over_00",
			"select-box-over_00",
			"select-box-over_00",
			"select-box-over_00",
			"select-box-over_00",
			"select-box-over_00",
			"select-box-over_00",
			"select-box-over_00",
			"select-box-over_00"
		],
		"playMode": 2
	},
	"select-box-pressed": {
		"region": "select-box-pressed_00",
		"horizontalStretchAreas": [ 6, 60 ],
		"verticalStretchAreas": [ 4, 4 ],
		"tiling": false,
		"minWidth": 77,
		"minHeight": 21,
		"rightWidth": 17,
		"leftWidth": 6,
		"bottomHeight": 4,
		"topHeight": 3,
		"offsetX": 0,
		"offsetY": 0,
		"offsetXspeed": 0,
		"offsetYspeed": 0,
		"frameDuration": 0.03,
		"regions": [
			"select-box-pressed_00",
			"select-box-pressed_01",
			"select-box-pressed_02",
			"select-box-pressed_03",
			"select-box-pressed_04",
			"select-box-pressed_05",
			"select-box-pressed_06",
			"select-box-pressed_07",
			"select-box-pressed_08",
			"select-box-pressed_09",
			"select-box-pressed_10",
			"select-box-pressed_11",
			"select-box-pressed_12",
			"select-box-pressed_13",
			"select-box-pressed_00",
			"select-box-pressed_00",
			"select-box-pressed_00",
			"select-box-pressed_00",
			"select-box-pressed_00",
			"select-box-pressed_00",
			"select-box-pressed_00",
			"select-box-pressed_00",
			"select-box-pressed_00",
			"select-box-pressed_00",
			"select-box-pressed_00",
			"select-box-pressed_00",
			"select-box-pressed_00",
			"select-box-pressed_00",
			"select-box-pressed_00",
			"select-box-pressed_00",
			"select-box-pressed_00",
			"select-box-pressed_00",
			"select-box-pressed_00",
			"select-box-pressed_00"
		],
		"playMode": 2
	},
	"slider-horizontal-ten": {
		"region": "slider-horizontal",
		"horizontalStretchAreas": [ 8, 40 ],
		"verticalStretchAreas": [ 2, 3 ],
		"tiling": false,
		"minWidth": 49,
		"minHeight": 6,
		"rightWidth": 0,
		"leftWidth": 0,
		"bottomHeight": 0,
		"topHeight": 0,
		"offsetX": 0,
		"offsetY": 0,
		"offsetXspeed": 0,
		"offsetYspeed": 0,
		"frameDuration": 0.03,
		"regions": [],
		"playMode": 2
	},
	"slider-knob-over": {
		"region": "slider-knob-over_00",
		"horizontalStretchAreas": [ 0, 13 ],
		"verticalStretchAreas": [ 0, 13 ],
		"tiling": false,
		"minWidth": 14,
		"minHeight": 14,
		"rightWidth": 0,
		"leftWidth": 0,
		"bottomHeight": 0,
		"topHeight": 0,
		"offsetX": 0,
		"offsetY": 0,
		"offsetXspeed": 0,
		"offsetYspeed": 0,
		"frameDuration": 0.03,
		"regions": [
			"slider-knob-over_00",
			"slider-knob-over_01",
			"slider-knob-over_02",
			"slider-knob-over_03",
			"slider-knob-over_04",
			"slider-knob-over_05",
			"slider-knob-over_06",
			"slider-knob-over_07",
			"slider-knob-over_08",
			"slider-knob-over_09",
			"slider-knob-over_10",
			"slider-knob-over_11",
			"slider-knob-over_12",
			"slider-knob-over_13",
			"slider-knob-over_00",
			"slider-knob-over_00",
			"slider-knob-over_00",
			"slider-knob-over_00",
			"slider-knob-over_00",
			"slider-knob-over_00",
			"slider-knob-over_00",
			"slider-knob-over_00",
			"slider-knob-over_00",
			"slider-knob-over_00",
			"slider-knob-over_00",
			"slider-knob-over_00",
			"slider-knob-over_00",
			"slider-knob-over_00",
			"slider-knob-over_00",
			"slider-knob-over_00",
			"slider-knob-over_00",
			"slider-knob-over_00",
			"slider-knob-over_00",
			"slider-knob-over_00"
		],
		"playMode": 2
	},
	"slider-knob-pressed": {
		"region": "slider-knob-pressed_00",
		"horizontalStretchAreas": [ 0, 13 ],
		"verticalStretchAreas": [ 0, 13 ],
		"tiling": false,
		"minWidth": 14,
		"minHeight": 14,
		"rightWidth": 0,
		"leftWidth": 0,
		"bottomHeight": 0,
		"topHeight": 0,
		"offsetX": 0,
		"offsetY": 0,
		"offsetXspeed": 0,
		"offsetYspeed": 0,
		"frameDuration": 0.03,
		"regions": [
			"slider-knob-pressed_00",
			"slider-knob-pressed_01",
			"slider-knob-pressed_02",
			"slider-knob-pressed_03",
			"slider-knob-pressed_04",
			"slider-knob-pressed_05",
			"slider-knob-pressed_06",
			"slider-knob-pressed_07",
			"slider-knob-pressed_08",
			"slider-knob-pressed_09",
			"slider-knob-pressed_10",
			"slider-knob-pressed_11",
			"slider-knob-pressed_12",
			"slider-knob-pressed_13",
			"slider-knob-pressed_00",
			"slider-knob-pressed_00",
			"slider-knob-pressed_00",
			"slider-knob-pressed_00",
			"slider-knob-pressed_00",
			"slider-knob-pressed_00",
			"slider-knob-pressed_00",
			"slider-knob-pressed_00",
			"slider-knob-pressed_00",
			"slider-knob-pressed_00",
			"slider-knob-pressed_00",
			"slider-knob-pressed_00",
			"slider-knob-pressed_00",
			"slider-knob-pressed_00",
			"slider-knob-pressed_00",
			"slider-knob-pressed_00",
			"slider-knob-pressed_00",
			"slider-knob-pressed_00",
			"slider-knob-pressed_00",
			"slider-knob-pressed_00"
		],
		"playMode": 2
	},
	"slider-scrubber-ten": {
		"region": "slider-scrubber",
		"horizontalStretchAreas": [ 1, 26 ],
		"verticalStretchAreas": [ 2, 3 ],
		"tiling": false,
		"minWidth": 28,
		"minHeight": 6,
		"rightWidth": 1,
		"leftWidth": 1,
		"bottomHeight": 1,
		"topHeight": 1,
		"offsetX": 0,
		"offsetY": 0,
		"offsetXspeed": 0,
		"offsetYspeed": 0,
		"frameDuration": 0.03,
		"regions": [],
		"playMode": 2
	},
	"slider-vertical-ten": {
		"region": "slider-vertical",
		"horizontalStretchAreas": [ 1, 4 ],
		"verticalStretchAreas": [ 9, 39 ],
		"tiling": false,
		"minWidth": 6,
		"minHeight": 49,
		"rightWidth": 0,
		"leftWidth": 0,
		"bottomHeight": 0,
		"topHeight": 0,
		"offsetX": 0,
		"offsetY": 0,
		"offsetXspeed": 0,
		"offsetYspeed": 0,
		"frameDuration": 0.03,
		"regions": [],
		"playMode": 2
	},
	"slider-scrubber-knob-before-ten": {
		"region": "slider-scrubber-knob-before",
		"horizontalStretchAreas": [ 0, 25 ],
		"verticalStretchAreas": [ 0, 3 ],
		"tiling": false,
		"minWidth": 0,
		"minHeight": 4,
		"rightWidth": 0,
		"leftWidth": 0,
		"bottomHeight": 0,
		"topHeight": 0,
		"offsetX": 0,
		"offsetY": 0,
		"offsetXspeed": 0,
		"offsetYspeed": 0,
		"frameDuration": 0.03,
		"regions": [],
		"playMode": 2
	},
	"split-pane-horizontal-ten": {
		"region": "split-pane-horizontal",
		"horizontalStretchAreas": [ 0, 5 ],
		"verticalStretchAreas": [ 1, 4, 31, 34 ],
		"tiling": true,
		"minWidth": 6,
		"minHeight": 36,
		"rightWidth": 0,
		"leftWidth": 0,
		"bottomHeight": 0,
		"topHeight": 0,
		"offsetX": 0,
		"offsetY": 0,
		"offsetXspeed": 0,
		"offsetYspeed": 0,
		"frameDuration": 0.03,
		"regions": [],
		"playMode": 2
	},
	"split-pane-vertical-ten": {
		"region": "split-pane-vertical",
		"horizontalStretchAreas": [ 0, 3, 30, 33 ],
		"verticalStretchAreas": [ 0, 5 ],
		"tiling": true,
		"minWidth": 34,
		"minHeight": 6,
		"rightWidth": 0,
		"leftWidth": 0,
		"bottomHeight": 0,
		"topHeight": 0,
		"offsetX": 0,
		"offsetY": 0,
		"offsetXspeed": 0,
		"offsetYspeed": 0,
		"frameDuration": 0.03,
		"regions": [],
		"playMode": 2
	},
	"text-field-animation": {
		"region": "text-field-animation_00",
		"horizontalStretchAreas": [ 6, 71 ],
		"verticalStretchAreas": [ 5, 14 ],
		"tiling": false,
		"minWidth": 77,
		"minHeight": 21,
		"rightWidth": 5,
		"leftWidth": 6,
		"bottomHeight": 3,
		"topHeight": 3,
		"offsetX": 0,
		"offsetY": 0,
		"offsetXspeed": 0,
		"offsetYspeed": 0,
		"frameDuration": 0.03,
		"regions": [
			"text-field-animation_00",
			"text-field-animation_01",
			"text-field-animation_02",
			"text-field-animation_03",
			"text-field-animation_04",
			"text-field-animation_05",
			"text-field-animation_06",
			"text-field-animation_07",
			"text-field-animation_08",
			"text-field-animation_09",
			"text-field-animation_10",
			"text-field-animation_11",
			"text-field-animation_12",
			"text-field-animation_13",
			"text-field-animation_00",
			"text-field-animation_00",
			"text-field-animation_00",
			"text-field-animation_00",
			"text-field-animation_00",
			"text-field-animation_00",
			"text-field-animation_00",
			"text-field-animation_00",
			"text-field-animation_00",
			"text-field-animation_00",
			"text-field-animation_00",
			"text-field-animation_00",
			"text-field-animation_00",
			"text-field-animation_00",
			"text-field-animation_00",
			"text-field-animation_00",
			"text-field-animation_00",
			"text-field-animation_00",
			"text-field-animation_00",
			"text-field-animation_00"
		],
		"playMode": 2
	},
	"tooltip-ten": {
		"region": "tooltip",
		"horizontalStretchAreas": [ 12, 50 ],
		"verticalStretchAreas": [ 10, 13 ],
		"tiling": false,
		"minWidth": 63,
		"minHeight": 24,
		"rightWidth": 11,
		"leftWidth": 11,
		"bottomHeight": 3,
		"topHeight": 3,
		"offsetX": 0,
		"offsetY": 0,
		"offsetXspeed": 0,
		"offsetYspeed": 0,
		"frameDuration": 0.03,
		"regions": [],
		"playMode": 2
	},
	"tree-minus-over": {
		"region": "tree-minus-over_00",
		"horizontalStretchAreas": [ 0, 16 ],
		"verticalStretchAreas": [ 0, 16 ],
		"tiling": false,
		"minWidth": 17,
		"minHeight": 17,
		"rightWidth": 0,
		"leftWidth": 0,
		"bottomHeight": 0,
		"topHeight": 0,
		"offsetX": 0,
		"offsetY": 0,
		"offsetXspeed": 0,
		"offsetYspeed": 0,
		"frameDuration": 0.03,
		"regions": [
			"tree-minus-over_00",
			"tree-minus-over_01",
			"tree-minus-over_02",
			"tree-minus-over_03",
			"tree-minus-over_04",
			"tree-minus-over_05",
			"tree-minus-over_06",
			"tree-minus-over_07",
			"tree-minus-over_08",
			"tree-minus-over_09",
			"tree-minus-over_10",
			"tree-minus-over_11",
			"tree-minus-over_12",
			"tree-minus-over_13",
			"tree-minus-over_00",
			"tree-minus-over_00",
			"tree-minus-over_00",
			"tree-minus-over_00",
			"tree-minus-over_00",
			"tree-minus-over_00",
			"tree-minus-over_00",
			"tree-minus-over_00",
			"tree-minus-over_00",
			"tree-minus-over_00",
			"tree-minus-over_00",
			"tree-minus-over_00",
			"tree-minus-over_00",
			"tree-minus-over_00",
			"tree-minus-over_00",
			"tree-minus-over_00",
			"tree-minus-over_00",
			"tree-minus-over_00",
			"tree-minus-over_00",
			"tree-minus-over_00"
		],
		"playMode": 2
	},
	"tree-minus": {
		"region": "tree-minus_00",
		"horizontalStretchAreas": [ 0, 16 ],
		"verticalStretchAreas": [ 0, 16 ],
		"tiling": false,
		"minWidth": 17,
		"minHeight": 17,
		"rightWidth": 0,
		"leftWidth": 0,
		"bottomHeight": 0,
		"topHeight": 0,
		"offsetX": 0,
		"offsetY": 0,
		"offsetXspeed": 0,
		"offsetYspeed": 0,
		"frameDuration": 0.03,
		"regions": [
			"tree-minus_00",
			"tree-minus_01",
			"tree-minus_02",
			"tree-minus_03",
			"tree-minus_04",
			"tree-minus_05",
			"tree-minus_06",
			"tree-minus_07",
			"tree-minus_08",
			"tree-minus_09",
			"tree-minus_10",
			"tree-minus_11",
			"tree-minus_12",
			"tree-minus_13",
			"tree-minus_14",
			"tree-minus_15",
			"tree-minus_16",
			"tree-minus_17",
			"tree-minus_18",
			"tree-minus_19",
			"tree-minus_19",
			"tree-minus_19",
			"tree-minus_19",
			"tree-minus_19",
			"tree-minus_19",
			"tree-minus_19",
			"tree-minus_19",
			"tree-minus_19",
			"tree-minus_19",
			"tree-minus_19",
			"tree-minus_19",
			"tree-minus_19",
			"tree-minus_19",
			"tree-minus_19",
			"tree-minus_19",
			"tree-minus_19",
			"tree-minus_19",
			"tree-minus_19",
			"tree-minus_19",
			"tree-minus_19"
		],
		"playMode": 0
	},
	"tree-plus-over": {
		"region": "tree-plus-over_00",
		"horizontalStretchAreas": [ 0, 16 ],
		"verticalStretchAreas": [ 0, 16 ],
		"tiling": false,
		"minWidth": 17,
		"minHeight": 17,
		"rightWidth": 0,
		"leftWidth": 0,
		"bottomHeight": 0,
		"topHeight": 0,
		"offsetX": 0,
		"offsetY": 0,
		"offsetXspeed": 0,
		"offsetYspeed": 0,
		"frameDuration": 0.03,
		"regions": [
			"tree-plus-over_00",
			"tree-plus-over_01",
			"tree-plus-over_02",
			"tree-plus-over_03",
			"tree-plus-over_04",
			"tree-plus-over_05",
			"tree-plus-over_06",
			"tree-plus-over_07",
			"tree-plus-over_08",
			"tree-plus-over_09",
			"tree-plus-over_10",
			"tree-plus-over_11",
			"tree-plus-over_12",
			"tree-plus-over_13",
			"tree-plus-over_13",
			"tree-plus-over_13",
			"tree-plus-over_13",
			"tree-plus-over_13",
			"tree-plus-over_13",
			"tree-plus-over_13",
			"tree-plus-over_13",
			"tree-plus-over_13",
			"tree-plus-over_13",
			"tree-plus-over_13",
			"tree-plus-over_13",
			"tree-plus-over_13",
			"tree-plus-over_13",
			"tree-plus-over_13",
			"tree-plus-over_13",
			"tree-plus-over_13",
			"tree-plus-over_13",
			"tree-plus-over_13",
			"tree-plus-over_13",
			"tree-plus-over_13"
		],
		"playMode": 2
	},
	"tree-plus": {
		"region": "tree-plus_00",
		"horizontalStretchAreas": [ 0, 16 ],
		"verticalStretchAreas": [ 0, 16 ],
		"tiling": false,
		"minWidth": 17,
		"minHeight": 17,
		"rightWidth": 0,
		"leftWidth": 0,
		"bottomHeight": 0,
		"topHeight": 0,
		"offsetX": 0,
		"offsetY": 0,
		"offsetXspeed": 0,
		"offsetYspeed": 0,
		"frameDuration": 0.03,
		"regions": [
			"tree-plus_00",
			"tree-plus_01",
			"tree-plus_02",
			"tree-plus_03",
			"tree-plus_04",
			"tree-plus_05",
			"tree-plus_06",
			"tree-plus_07",
			"tree-plus_08",
			"tree-plus_09",
			"tree-plus_10",
			"tree-plus_11",
			"tree-plus_12",
			"tree-plus_13",
			"tree-plus_14",
			"tree-plus_15",
			"tree-plus_16",
			"tree-plus_17",
			"tree-plus_18",
			"tree-plus_19",
			"tree-plus_19",
			"tree-plus_19",
			"tree-plus_19",
			"tree-plus_19",
			"tree-plus_19",
			"tree-plus_19",
			"tree-plus_19",
			"tree-plus_19",
			"tree-plus_19",
			"tree-plus_19",
			"tree-plus_19",
			"tree-plus_19",
			"tree-plus_19",
			"tree-plus_19",
			"tree-plus_19",
			"tree-plus_19",
			"tree-plus_19",
			"tree-plus_19",
			"tree-plus_19",
			"tree-plus_19"
		],
		"playMode": 0
	},
	"window-ten": {
		"region": "window",
		"horizontalStretchAreas": [ 7, 88 ],
		"verticalStretchAreas": [ 7, 58 ],
		"tiling": false,
		"minWidth": 96,
		"minHeight": 83,
		"rightWidth": 2,
		"leftWidth": 2,
		"bottomHeight": 2,
		"topHeight": 24,
		"offsetX": 0,
		"offsetY": 0,
		"offsetXspeed": 0,
		"offsetYspeed": 0,
		"frameDuration": 0.03,
		"regions": [],
		"playMode": 2
	},
	"button-normal-pressed-red-ten": {
		"region": "button-normal-pressed-red",
		"horizontalStretchAreas": [ 14, 139 ],
		"verticalStretchAreas": [ 11, 32 ],
		"tiling": false,
		"minWidth": 154,
		"minHeight": 45,
		"rightWidth": 7,
		"leftWidth": 7,
		"bottomHeight": 6,
		"topHeight": 6,
		"offsetX": 0,
		"offsetY": 0,
		"offsetXspeed": 0,
		"offsetYspeed": 0,
		"frameDuration": 0.03,
		"regions": [],
		"playMode": 2
	},
	"select-box-pressed-red-ten": {
		"region": "select-box-pressed-red",
		"horizontalStretchAreas": [ 6, 60 ],
		"verticalStretchAreas": [ 4, 4 ],
		"tiling": false,
		"minWidth": 77,
		"minHeight": 21,
		"rightWidth": 0,
		"leftWidth": 0,
		"bottomHeight": 0,
		"topHeight": 0,
		"offsetX": 0,
		"offsetY": 0,
		"offsetXspeed": 0,
		"offsetYspeed": 0,
		"frameDuration": 0.03,
		"regions": [],
		"playMode": 2
	},
	"select-box": {
		"region": "select-box-over_00",
		"horizontalStretchAreas": [ 6, 60 ],
		"verticalStretchAreas": [ 4, 4 ],
		"tiling": false,
		"minWidth": 77,
		"minHeight": 21,
		"rightWidth": 17,
		"leftWidth": 6,
		"bottomHeight": 4,
		"topHeight": 3,
		"offsetX": 0,
		"offsetY": 0,
		"offsetXspeed": 0,
		"offsetYspeed": 0,
		"frameDuration": 0.03,
		"regions": [],
		"playMode": 2
	},
	"selection": {
		"region": "selection-animation_00",
		"horizontalStretchAreas": [ 2, 19 ],
		"verticalStretchAreas": [ 3, 6 ],
		"tiling": false,
		"minWidth": 22,
		"minHeight": 10,
		"rightWidth": 5,
		"leftWidth": 7,
		"bottomHeight": 3,
		"topHeight": 5,
		"offsetX": 0,
		"offsetY": 0,
		"offsetXspeed": 0,
		"offsetYspeed": 0,
		"frameDuration": 0.03,
		"regions": [
			"selection-animation_00",
			"selection-animation_01",
			"selection-animation_02",
			"selection-animation_03",
			"selection-animation_04",
			"selection-animation_05",
			"selection-animation_06",
			"selection-animation_07",
			"selection-animation_08",
			"selection-animation_09",
			"selection-animation_10",
			"selection-animation_11",
			"selection-animation_12",
			"selection-animation_13",
			"selection-animation_14",
			"selection-animation_15",
			"selection-animation_16",
			"selection-animation_17",
			"selection-animation_18",
			"selection-animation_19",
			"selection-animation_20",
			"selection-animation_21",
			"selection-animation_22",
			"selection-animation_23",
			"selection-animation_24",
			"selection-animation_25",
			"selection-animation_26",
			"selection-animation_27",
			"selection-animation_28",
			"selection-animation_29",
			"selection-animation_30",
			"selection-animation_31",
			"selection-animation_32",
			"selection-animation_33",
			"selection-animation_34",
			"selection-animation_35",
			"selection-animation_36",
			"selection-animation_37",
			"selection-animation_38",
			"selection-animation_39"
		],
		"playMode": 2
	},
	"button-normal": {
		"region": "button-over_00",
		"horizontalStretchAreas": [ 14, 139 ],
		"verticalStretchAreas": [ 11, 32 ],
		"tiling": false,
		"minWidth": 154,
		"minHeight": 45,
		"rightWidth": 7,
		"leftWidth": 7,
		"bottomHeight": 6,
		"topHeight": 6,
		"offsetX": 0,
		"offsetY": 0,
		"offsetXspeed": 0,
		"offsetYspeed": 0,
		"frameDuration": 0.03,
		"regions": [],
		"playMode": 2
	},
	"text-field": {
		"region": "text-field-animation_00",
		"horizontalStretchAreas": [ 6, 71 ],
		"verticalStretchAreas": [ 5, 14 ],
		"tiling": false,
		"minWidth": 77,
		"minHeight": 21,
		"rightWidth": 5,
		"leftWidth": 6,
		"bottomHeight": 3,
		"topHeight": 3,
		"offsetX": 0,
		"offsetY": 0,
		"offsetXspeed": 0,
		"offsetYspeed": 0,
		"frameDuration": 0.03,
		"regions": [],
		"playMode": 2
	},
	"black": {
		"region": "white",
		"color": "black",
		"horizontalStretchAreas": [ 0, 0 ],
		"verticalStretchAreas": [ 0, 0 ],
		"tiling": false,
		"minWidth": 1,
		"minHeight": 1,
		"rightWidth": 0,
		"leftWidth": 0,
		"bottomHeight": 0,
		"topHeight": 0,
		"offsetX": 0,
		"offsetY": 0,
		"offsetXspeed": 0,
		"offsetYspeed": 0,
		"frameDuration": 0.03,
		"regions": [],
		"playMode": 2
	}
},
"com.badlogic.gdx.scenes.scene2d.ui.Button$ButtonStyle": {
	"default": {
		"up": "button-normal",
		"down": "button-normal-pressed-red-ten",
		"over": "button-over"
	},
	"play": {
		"up": "play-play-over_00",
		"down": "button-play-pressed-red",
		"over": "play-play-over",
		"checked": "play-play-pressed"
	},
	"pause": {
		"up": "play-pause-over_00",
		"down": "button-pause-pressed-red",
		"over": "play-pause-over",
		"checked": "play-pause-pressed"
	},
	"stop": {
		"up": "play-stop-over_00",
		"down": "button-stop-pressed-red",
		"over": "play-stop-over",
		"checked": "play-stop-pressed"
	},
	"close": {
		"up": "play-close-over_00",
		"down": "button-closed-pressed-red",
		"over": "play-close-over"
	},
	"toggle": {
		"up": "button-normal",
		"down": "button-normal-pressed-red-ten",
		"over": "button-over",
		"checked": "button-pressed"
	}
},
"com.badlogic.gdx.scenes.scene2d.ui.CheckBox$CheckBoxStyle": {
	"default": {
		"checkboxOn": "checkbox-checkbox-checked-over_00",
		"checkboxOff": "checkbox-checkbox-over_00",
		"checkboxOnOver": "checkbox-checkbox-checked-over",
		"checkboxOver": "checkbox-checkbox-over",
		"font": "font"
	}
},
"com.badlogic.gdx.scenes.scene2d.ui.ImageButton$ImageButtonStyle": {
	"default": {
		"parent": "default"
	}
},
"com.badlogic.gdx.scenes.scene2d.ui.ImageTextButton$ImageTextButtonStyle": {
	"default": {
		"imageUp": "checkbox-checkbox-over_00",
		"imageOver": "checkbox-checkbox-over",
		"imageChecked": "checkbox-checkbox-checked-over_00",
		"imageCheckedOver": "checkbox-checkbox-checked-over",
		"font": "font",
		"fontColor": "white",
		"downFontColor": "red",
		"pressedOffsetY": -1
	},
	"radio": {
		"imageUp": "checkbox-radio-over_00",
		"imageOver": "checkbox-radio-over",
		"imageChecked": "checkbox-radio-checked-over_00",
		"imageCheckedOver": "checkbox-radio-checked-over",
		"font": "font",
		"fontColor": "white",
		"downFontColor": "red",
		"pressedOffsetY": -1
	}
},
"com.badlogic.gdx.scenes.scene2d.ui.Label$LabelStyle": {
	"default": {
		"font": "font"
	},
	"small": {
		"font": "small"
	}
},
"com.badlogic.gdx.scenes.scene2d.ui.List$ListStyle": {
	"select-box": {
		"font": "small",
		"fontColorSelected": "red",
		"fontColorUnselected": "white",
		"selection": "selection"
	}
},
"com.badlogic.gdx.scenes.scene2d.ui.ProgressBar$ProgressBarStyle": {
	"default-horizontal": {
		"background": "progress-bar-ten",
		"knobBefore": "progress-bar-knob-before-ten"
	},
	"default-vertical": {
		"background": "button-closed-pressed-red"
	}
},
"com.badlogic.gdx.scenes.scene2d.ui.ScrollPane$ScrollPaneStyle": {
	"default": {
		"hScrollKnob": "scroll-horizontal-ten",
		"vScrollKnob": "scroll-vertical-ten"
	},
	"select-box": {
		"background": "list-ten",
		"hScrollKnob": "scroll-horizontal-ten",
		"vScrollKnob": "scroll-vertical-ten"
	}
},
"com.badlogic.gdx.scenes.scene2d.ui.SelectBox$SelectBoxStyle": {
	"default": {
		"font": "small",
		"fontColor": "white",
		"background": "select-box",
		"scrollStyle": "select-box",
		"listStyle": "select-box",
		"backgroundOver": "select-box-over",
		"backgroundOpen": "select-box-pressed"
	}
},
"com.badlogic.gdx.scenes.scene2d.ui.Slider$SliderStyle": {
	"default-horizontal": {
		"knobOver": "slider-knob-over",
		"knobDown": "slider-knob-pressed-red",
		"background": "slider-horizontal-ten",
		"knob": "slider-knob-over_00"
	},
	"default-vertical": {
		"knobOver": "slider-knob-over",
		"knobDown": "slider-knob-pressed-red",
		"background": "slider-vertical-ten",
		"knob": "slider-knob-over_00"
	},
	"scrubber": {
		"background": "slider-scrubber-ten",
		"knob": "slider-scrubber-knob",
		"knobBefore": "slider-scrubber-knob-before-ten"
	}
},
"com.badlogic.gdx.scenes.scene2d.ui.SplitPane$SplitPaneStyle": {
	"default-horizontal": {
		"handle": "split-pane-horizontal-ten"
	},
	"default-vertical": {
		"handle": "split-pane-vertical-ten"
	}
},
"com.badlogic.gdx.scenes.scene2d.ui.TextButton$TextButtonStyle": {
	"default": {
		"parent": "default",
		"font": "font"
	},
	"toggle": {
		"parent": "toggle",
		"font": "font"
	}
},
"com.badlogic.gdx.scenes.scene2d.ui.TextField$TextFieldStyle": {
	"default": {
		"font": "font",
		"fontColor": "black",
		"background": "text-field",
		"focusedBackground": "text-field-animation",
		"cursor": "black",
		"selection": "white"
	}
},
"com.badlogic.gdx.scenes.scene2d.ui.TextTooltip$TextTooltipStyle": {
	"default": {
		"label": "small",
		"background": "tooltip-ten"
	}
},
"com.badlogic.gdx.scenes.scene2d.ui.Touchpad$TouchpadStyle": {
	"default": {
		"background": "touchpad",
		"knob": "touchpad-knob"
	}
},
"com.badlogic.gdx.scenes.scene2d.ui.Tree$TreeStyle": {
	"default": {
		"plus": "tree-plus-over_00",
		"minus": "tree-minus-over_00",
		"plusOver": "tree-plus-over",
		"minusOver": "tree-minus-over"
	}
},
"com.badlogic.gdx.scenes.scene2d.ui.Window$WindowStyle": {
	"default": {
		"background": "window-ten",
		"titleFont": "font"
	}
}
}